Python 3.4.3 (v3.4.3:9b73f1c3e601, Feb 24 2015, 22:43:06) [MSC v.1600 32 bit (Intel)] on win32
Type "copyright", "credits" or "license()" for more information.
>>> 
Mrs R Nathan. Furniture Dealer; 167; 1908
John G. McGregor, Product Merchant; 167; 1911
John G. McGregor, Product Merchant; 167; 1912
Jno G McGregor. Produce Merchant; 167; 1915
Jno G McGregor. Produce Merchant; 167; 1920
Menzel's Moter Tyre Retreaders; 167; 1949
Echo Company Imported Goods; 167; 1982
Governor Broome Hotel, P A Connolly; 168; 1908
Governor Broome Hotel, P A Connolly; 168; 1909
Governor Broome Hotel. Ernest Brumby; 168; 1910
Governer Broome Hotel - Jas. Leslie Manager; 168; 1911
Governer Broome Hotel - James Leslie Manager; 168; 1912
Governer Broome Hotel - James Leslie Manager; 168; 1913
Governor Broome Hotel. James Leslie; 168; 1915
Governor Broome Hotel. W J Davis; 168; 1920
Gov. Broome Hotel (W G Davis, licensee); 168; 1930
Governor Broome Hotel, J A Meldrum; 168; 1934
Governor Broome Hotel; 168; 1982
Vacant Lot; 168; 1983
Vacant Lot; 168; 1984
Vacant Lot; 168; 1985
Mrs R Nathan. Furniture Dealer; 169; 1908
Hy J Parker. Confectioner; 169; 1910
Mrs J. Grace, Confectioner; 169; 1911
Vasele Zakomas, Confectioner; 169; 1912
K. Andros. Fish Saloon; 169; 1915
Power Bros. Plumbers; 169; 1920
Kalaf E, smallgoods dealer; 169; 1949
Vastese Catering; 169; 1982
Governor Broome Hotel, P A Connolly; 170; 1908
Governor Broome Hotel. Ernest Brumby; 170; 1910
Governor Broome Hotel, J A Meldrum; 170; 1934
Governor Broome Hotel; 170; 1982
Vacant Lot; 170; 1984
Miss M J Le Mottee, Costumiere; 171; 1908
Army & Navy Stores (Arthur C Macey, manager) Grocers; 171; 1910
Army & Navy Stores (Arthur C Macey, manager) Grocers; 171; 1911
Army & Navy Stores (Arthur C Macey, manager) Grocers; 171; 1912
Mrs M A Haworth. Fruiterer & Confectioner; 171; 1915
Stewart & Holmes, Furniture Dealers; 171; 1919
Stewart & Holmes, Furniture Dealers; 171; 1920
Belle Merzel Florist; 171; 1982
Exotic Body Piercing; 171; 2004
Exotic Body Piercing; 171; 2005
Exotic Body Piercing; 171; 2006
Exotic Body Piercing; 171; 2007
Exotic Body Piercing; 171; 2008
Exotic Body Piercing; 171; 2009
Exotic Body Piercing; 171; 2010
Exotic Body Piercing; 171; 2011
Exotic Body Piercing; 171; 2012
Exotic Body Piercing; 171; 2013
Exotic Body Piercing; 171; 2014
Exotic Body Piercing; 171; 2015
Army Surplus Stores; 172; 1982
-; 173; 1908
Mrs Rubenstein, Dealer; 173; 1910
Mrs A Rubenstein, Dealer; 173; 1911
Samuel Goode, Clother; 173; 1912
Samuel Goode. Clothier; 173; 1915
Samuel Goode. Clothier; 173; 1920
Oriental Grocery Store; 173; 1949
Turnstyle Collectables; 173; 2004
Turnstyle Collectables; 173; 2005
Turnstyle Collectables; 173; 2006
Turnstyle Collectables; 173; 2007
Turnstyle Collectables; 173; 2008
Turnstyle Collectables; 173; 2009
Turnstyle Collectables; 173; 2010
Turnstyle Collectables; 173; 2011
Turnstyle Collectables; 173; 2012
Turnstyle Collectables; 173; 2013
Turnstyle Collectables; 173; 2014
Turnstyle Collectables; 173; 2015
Governor Broome Hotel, P A Connolly; 174; 1908
Governor Broome Hotel. Ernest Brumby; 174; 1910
Governor Broome Hotel, J A Meldrum; 174; 1934
Governor Broome Hotel; 174; 1982
Vacant Lot; 174; 1984
State Theatre Centre of WA; 174; 2015
J Loong  & Co. Greengrocers; 175; 1908
J Loong & co. Green Grocers; 175; 1910
J Loong & co. Green Grocers; 175; 1911
J Loong & co. Green Grocers; 175; 1912
-; 175; 1915
Samuel Goode. Clothier; 175; 1920
Popular Drycleaners and Dryers; 175; 1949
Drycleaner; 175; 1954
Anna's Coffee Lounge; 175; 1982
Penang Food (Restaurant); 175; 2004
Penang Food (Restaurant); 175; 2005
Penang Food (Restaurant); 175; 2006
Penang Food (Restaurant); 175; 2007
Penang Food (Restaurant); 175; 2008
Penang Food (Restaurant); 175; 2009
Hedley J Hollway, Tobacconist; 176; 1908
Holway H.J. tobacconist; 176; 1909
Hedley J Hollway, Tobacconist; 176; 1910
Hedley J Hollway, Tobacconist; 176; 1911
Hedley J Hollway, Tobacconist (R); 176; 1912
Hedley J Hollway, Tobacconist (R); 176; 1913
Hedley J Hollway, Tobacconist (R); 176; 1915
Hedley J Hollway, Tobacconist and Hairdresser (R,S); 176; 1920
Holway, Hedley J, tob & hdssr; 176; 1930
Hedley J Hollway, Tobacconist; 176; 1934
Kim Anh Vietnamese Restaurant  (st# TBC - both sides of current STCWA offices); 176; 1984
State Theatre Centre of WA; 176; 2015
Mrs L Luke. Ham & Beef Shop; 177; 1908
Mrs M. A Vila, A.N.A cafe; 177; 1911
Mrs M. A Vila, A.N.A cafe; 177; 1912
Mrs M Faulkner. A. N. A Cafe; 177; 1915
Samuel Goode. Clothier; 177; 1920
Lou's Hamburger Shop, restaraunt; 177; 1940
Lous Hamburger Shop restaraunt; 177; 1941
Clifton Hardware Co., hardware dealers; 177; 1949
Venezia Tailors; 177; 1982
Penang Food (Restaurant); 177; 2004
Penang Food (Restaurant); 177; 2005
Penang Food (Restaurant); 177; 2006
Penang Food (Restaurant); 177; 2007
Penang Food (Restaurant); 177; 2008
Penang Food (Restaurant); 177; 2009
Davies-Franklin Cycle Agency. Alfred Craig (manager) ; 178; 1908
Davies-Franklin Cycle Agency. Alfred Craig (manager) ; 178; 1909
Davies-Franklin Cycle Agency. Alfred Craig (manager) ; 178; 1910
Davies-Franklin Cycle Agency. Alfred Craig (manager) ; 178; 1911
Davies-Franklin Cycle Agency. Alfred Craig (manager) ; 178; 1912
Davies-Franklin Agency Ltd. Alfred Craig (manager) ; 178; 1913
Davies-Franklin Agency Ltd. Alfred Craig (manager) ; 178; 1915
Davies-Franklin Agency (J Turnbull manager); 178; 1920
Macedonian Home; 178; 1930
Macedonia Home: G Stolanoff, Tobacconist; 178; 1934
Sorrento Restaurant; 178; 1952
Sorrento Restaurant; 178; 1953
Sorrento Restaurant; 178; 1954
?Avala?; 178; 1982
Leandris Cakes  (st# TBC); 178; 1984
Maestro For Hair (?); 178; 2015
-; 179; 1910
-; 179; 1915
Vacant; 179; 1920
Meek Robert, tobacconist; 179; 1949
Tobacconist; 179; 1954
Rainbow Kiosk; 179; 1982
Tour Information; 179; 2006
Tour Information; 179; 2007
Tour Information; 179; 2008
Tour Information; 179; 2009
Bookend; 179; 2013
Bookend; 179; 2014
Bookend; 179; 2015
Macedonian Home; 180; 1930
Macedonia Home: G Stolanoff, Tobacconist; 180; 1934
Sorrento Restaurant; 180; 1952
Sorrento Restaurant; 180; 1953
Sorrento Restaurant; 180; 1954
Romany Restaurant  (st# TBC); 180; 1984
Max Bercov. Butcher; 181; 1908
Max Bercov. Butcher; 181; 1910
Max Bercov, Butcher; 181; 1911
Max Bercov, Butcher; 181; 1912
Humphreys & Maplestone. Dairy; 181; 1915
Horseshoe Dairy; 181; 1916
Mrs P J Byrnes. Small Goods; 181; 1920
Kun Ming Cafe restaurant; 181; 1949
Kun-Ming Cafe; 181; 1954
Butcher; 181; 1982
Just Spectacles Couture; 181; 2005
Just Spectacles Couture; 181; 2006
Just Spectacles Couture; 181; 2007
Just Spectacles Couture; 181; 2008
The Bird; 181; 2009
The Bird; 181; 2010
The Bird; 181; 2011
The Bird; 181; 2012
The Bird; 181; 2013
The Bird; 181; 2014
The Bird; 181; 2015
Forster & Bowmann. Contractors & Decorators; 182; 1908
Forster & Bowmann. Contractors & Decorators; 182; 1909
Massey & Red Bird Cycle Agency, Alfred Craig (manager) ; 182; 1910
Bernard Maurice, fncy. gds; 182; 1911
Edward Baker, Furniture Maker; 182; 1912
Johnsons Furnishing Co. Ltd. Picture Framers; 182; 1913
Johnsons Furnishing Co Ltd. Furnishers; 182; 1915
Mrs C Stephens Fruitier and Confectioner; 182; 1920
Vacant; 182; 1930
? La Perla Cake Shop??; 182; 1982
Golden Ravioli (st# TBC); 182; 1984
Akhurst __, Confectioner; 183; 1908
Alla j. Butt. Watchmaker; 183; 1910
Alla J. Butt, Watchmaker; 183; 1911
Alla J. Butt, Watchmaker; 183; 1912
Alla j. Butt. Watchmaker; 183; 1915
A Krakour. Clothier; 183; 1920
Good Samel Clothr; 183; 1925
Reid Robt R, chemst & opten ; 183; 1927
Reid Robt R, chemst & opten ; 183; 1928
Reid Robt R, chemst & opten ; 183; 1929
Reid Robt R, chemst & opten ; 183; 1930
Reid Robt R, chemst & opten ; 183; 1931
Reid Robt R, chemst & opten ; 183; 1932
Reid Robt R, chemst & opten ; 183; 1933
Reid Robt R, chemst & opten ; 183; 1935
Reid Robt R, chemst & opten ; 183; 1936
Reid Robt R, chemst & opten ; 183; 1937
Reid Robt R, chemst & opten ; 183; 1938
Reid Robt R, chemst & opten ; 183; 1939
Reid Robt R, chemst & opten ; 183; 1940
Vacant; 183; 1941
Michael & Co. A, radio dealers; 183; 1949
Kakulas Bros; 183; 1951
Kakulas Bros; 183; 1952
Kakulas Bros; 183; 1953
Kakulas Bros; 183; 1954
Kakulas Bros; 183; 1955
Kakulas Bros; 183; 1956
Kakulas Bros; 183; 1957
Kakulas Bros; 183; 1958
Kakulas Bros; 183; 1959
Kakulas Bros; 183; 1960
Kakulas Bros; 183; 1961
Kakulas Bros; 183; 1962
Kakulas Bros; 183; 1963
Kakulas Bros; 183; 1964
Kakulas Bros; 183; 1965
Kakulas Bros; 183; 1966
Kakulas Bros; 183; 1967
Kakulas Bros; 183; 1968
Kakulas Bros; 183; 1969
Kakulas Bros; 183; 1970
Kakulas Bros; 183; 1971
Kakulas Bros; 183; 1972
Kakulas Bros; 183; 1973
Kakulas Bros; 183; 1974
Kakulas Bros; 183; 1975
Kakulas Bros; 183; 1976
Kakulas Bros; 183; 1977
Kakulas Bros; 183; 1978
Kakulas Bros; 183; 1979
Kakulas Bros; 183; 1980
Kakulas Bros; 183; 1981
Kakulas Bros; 183; 1982
Kakulas Bros; 183; 1983
Kakulas Bros; 183; 1984
Kakulas Bros; 183; 1985
Kakulas Bros; 183; 1986
Kakulas Bros; 183; 1987
Kakulas Bros; 183; 1988
Kakulas Bros; 183; 1989
Kakulas Bros; 183; 1990
Kakulas Bros; 183; 1991
Kakulas Bros; 183; 1992
Kakulas Bros; 183; 1993
Kakulas Bros; 183; 1994
Kakulas Bros; 183; 1995
Kakulas Bros; 183; 1996
Kakulas Bros; 183; 1997
Kakulas Bros; 183; 1998
Kakulas Bros; 183; 1999
Kakulas Bros; 183; 2000
Kakulas Bros; 183; 2001
Kakulas Bros; 183; 2002
Kakulas Bros; 183; 2003
Kakulas Bros; 183; 2004
Kakulas Bros; 183; 2005
Kakulas Bros; 183; 2006
Kakulas Bros; 183; 2007
Kakulas Bros; 183; 2008
Kakulas Bros; 183; 2009
Kakulas Bros; 183; 2010
Kakulas Bros; 183; 2011
Kakulas Bros; 183; 2012
Kakulas Bros; 183; 2013
Kakulas Bros; 183; 2014
Kakulas Bros; 183; 2015
George Black. Oyster Saloon; 184; 1908
Florias O, Oyster Saloon; 184; 1909
Evazeles Florias, Oyster Saloon; 184; 1910
Evazeles Florias, Oyster Saloon; 184; 1911
Evazeles Florias, Oyster Saloon; 184; 1912
Dennis Florias, Oyster Saloon; 184; 1913
Dennis Florias. Oyster Saloon; 184; 1915
Dennis Florias. Oyster Saloon; 184; 1920
Florias D F, cafe; 184; 1929
Florias D F, cafe; 184; 1930
Perth Hostel,; 184; 1984
Goodall & Phillips, Milliners & Dressmakers; 185; 1908
Ballantyne & Co. Grocers; 185; 1910
Guildford Bee Co. Martin Pickett, Manager; 185; 1911
Guildford Bee Co. Martin Pickett, Manager; 185; 1912
Guildford Bec Co. (C. Jecks); 185; 1915
A Krakour. Clothier; 185; 1920
Kakulas Bros., grocer; 185; 1949
Kakulas Bros; 185; 1950
Kakulas Bros; 185; 1951
Kakulas Bros; 185; 1952
Kakulas Bros; 185; 1953
Kakulas Bros; 185; 1954
Kakulas Bros; 185; 1955
Kakulas Bros; 185; 1956
Kakulas Bros; 185; 1957
Kakulas Bros; 185; 1958
Kakulas Bros; 185; 1959
Kakulas Bros; 185; 1960
Kakulas Bros; 185; 1961
Kakulas Bros; 185; 1962
Kakulas Bros; 185; 1963
Kakulas Bros; 185; 1964
Kakulas Bros; 185; 1965
Kakulas Bros; 185; 1966
Kakulas Bros; 185; 1967
Kakulas Bros; 185; 1968
Kakulas Bros; 185; 1982
William Young, Tailor; off 185/185a; 1908
William Young, Tailor; off 185/185a; 1910
William Young, Tailor; off 185/185a; 1911
William Young.Tailor; off 185/185a; 1915
S Cohen, Tailor; off 185/185a; 1920
Cooper & Sellin. Painters; 185b; 1915
W H Cooper Painter; 185b; 1920
J Pozzi. Wine Saloon; 186; 1908
Pedretti Peter, Wine Saloon; 186; 1909
Lilly Positti, Wine Saloon; 186; 1910
Rosmanish Romeo, Wine Saloon; 186; 1911
Rosmanish Romeo, Wine Saloon; 186; 1912
Mrs T. Rosmanich, Wine Saloon; 186; 1913
Victor Tomic. Wine Saloon; 186; 1915
Mrs E Cousins Wine Saloon; 186; 1920
Tobacconist. Beckman, M L, dlr; 186; 1930
Mrs A. E. Bevan; 187; 1908
Jas Foster. Oil &Color merchant; 187; 1910
Jas. Foster, Oil & Colour Merchant; 187; 1911
William Young, Tailor
Jas. Foster, Oil &Colour Merchant; 187; 1912
A Passaris. Oyster Saloon; 187; 1915
A Passaris. Oyster Saloon; 187; 1920
Dimanoff Andrea V, fish monger ; 187; 1949
The Old Saigon; 187; 1982
Ceaser & Beel. Confers; 188; 1908
Lawson Miss V. refshmt. rooms; 188; 1911
M. A. Daniels, Furniture Mart; 188; 1913
William Hooper. Watch Makers; 188; 1915
Walters and Struck - Hairdresser and Tobacconist; 188; 1920
Thomas, R J, tobcnst; 188; 1930
Washington All Cafe The, rstnt; 188; 1949
Romany Restaurant; 188; 1982
Perth Hostel,; 188; 1984
Harry T Dermer. Stationer; 189; 1908
Harry T Dermer. Stationer; 189; 1910
Harry T. Dermer, Stationer; 189; 1911
Harry T. Dermer, Stationer; 189; 1912
Harry T Dermer. Stationer; 189; 1915
Harry T Dermer. Stationer; 189; 1920
Dermer's Newsagency; 189; 1949
Newsagency; 189; 1982
Boxhorn & Wilson Watchmakers; 189 - Shop 3; 1982
Beans & Bunches; 189 - Shop 3; 2012
?Regalia Craft; 189 - Shop 7; 1982
Gfted Flagship Store; 189 - Shop 7; 2011
Stefan Spanish Casa Restaurant; 189; 1982
Is Donburi; 189; 2013
Is Donburi; 189; 2014
Is Donburi; 189; 2015
Lebanese; 189; 1982
No Mafia; 189; 2015
Karate; 189 -1st Floor; 1982
Chris Douglas, Fruiterer; 190; 1912
Chris Douglas, Fruiterer & Confectioner; 190; 1913
Jno H George Fruitier and Confectioner; 190; 1915
Jno H George Fruitier and Confectioner; 190; 1920
George, Jno H, frtr & cnf; 190; 1930
Perth Hostel,; 190; 1984
Harry T Dermer. Stationer; 191; 1908
Harry T Dermer. Stationer; 191; 1910
Harry T Dermer. Stationer; 191; 1911
L. Con, Draper; 191; 1912
L. Con. Draper; 191; 1915
Louis Boxhorn. Watchmaker; 191; 1920
Boxhorn A R, watchmaker and jeweller ; 191; 1949
Mrs M Trainor. Tobacconist; 192; 1908
Miss Blance Nauveau, Refreshment Rooms; 192; 1909
Miss Blance Nauveau, Refreshment Rooms; 192; 1910
William Brown, Sadler; 192; 1912
William Brown, Sadler; 192; 1913
National Bank of Australasia Ltd (Colin C Walker Manager); 192; 1915
National Bank of Australasia Ltd; 192; 1920
Cohen, Saml, tailor; 192; 1930
Golden Ravioli; 192; 1982
Perth Hostel,; 192; 1984
W J Riley, Tobacconist & Hairdresser; 193; 1908
W J Riley, Tobacconist & Hairdresser; 193; 1910
W J Riley, Tobacconist & Hairdresser; 193; 1911
William J Riley, Tobacconist & Hairdresser; 193; 1912
William J Riley, Tobacconist & Hairdresser; 193; 1915
William J Riley, Tobacconist & Hairdresser; 193; 1920
Anastasas M, fruitier; 193; 1949
J Ballantyne. Grocer; 194; 1908
Ballantyne & Co, grocers; 194; 1909
William John, Grocer; 194; 1910
William John, Grocer; 194; 1911
Arthur E. Stephenson, Furniture Dealer; 194; 1912
Arthur E. Stephenson, Furniture Dealer; 194; 1913
Lance & Co. Chemists (F. W Chegwidden, proprietor); 194; 1915
Vacant; 194; 1920
Wearne Bros Grocers 1925 notice says corner newcastle?, business changes name to Town and Country Cash Stores; 194; 1925
Vacant; 194; 1930
Perth Hostel,; 194; 1984
Romany Restaurant; 194; 2003
Romany Restaurant; 194; 2004
Romany Restaurant; 194; 2005
Romany Restaurant; 194; 2006
Romany Restaurant Date TBC; 194; 2007
Govindas; 194; 2011
Govindas; 194; 2012
Govindas; 194; 2013
Govindas; 194; 2014
Govindas; 194; 2015
Albert Weaver. Bootmaker; 195; 1908
Albert Weaver. Bootmaker; 195; 1910
Albert Weaver, Bootmaker; 195; 1911
Albert Weaver, Bootmaker; 195; 1912
Albert Weaver. Bootmaker; 195; 1915
Weaver & Dubberlin. Bootmakers; 195; 1920
Franchina C, Furniture mfr; 195; 1949
Stefan Spanish Casa Restaurant; 195; 1982
Is Donburi; 195; 2013
Is Donburi; 195; 2014
Is Donburi; 195; 2015
J Ballantyne. Grocer; 196; 1908
Ballantyne & Co, grocers; 196; 1909
William John, Grocer; 196; 1910
William John, Grocer; 196; 1911
Alex Teplitzky, Clother ; 196; 1912
Alex Teplitzky, Clother ; 196; 1913
Maurice J Fieldman, Dealer; 196; 1915
Wearne Bros, Grocers; 196; 1920
Vacant; 196; 1930
Perth Hostel,; 196; 1984
W Santiy, Greengrocer & Fruiterer; 197; 1908
-; 197; 1910
Thomas Robert Loy. Baker; 197; 1913
Mrs Alice Loy. Tea Rooms; 197; 1915
W J C Griggs. Draper; 197; 1920
Wong Sue, herbalist; 197; 1949
Perth Coffee Palace. F. G. Thomas (manager); 198; 1908
Perth Coffee Palace, F.J. Thomas, Proprietor; 198; 1909
Perth Coffee Palace. William Jones, R; 198; 1910
Perth Coffee Palace. William Jones, R; 198; 1911
Perth Coffee Palace. William Jones, R; 198; 1912
Perth Coffee Palace (Mrs L. M. Payne, Proprietress); 198; 1913
Perth Hostel (Mrs A Thomas Proprietor); 198; 1915
Perth Hostel (E J Formeman, Manager); 198; 1920
Vacant; 198; 1930
Mrs Alice Loy. Baker; 199; 1908
Mrs Alice Loy. Baker; 199; 1910
Mrs Alice Loy, Baker; 199; 1911
Mrs Alice Loy, Pastry Cook; 199; 1912
Thomas Robert Loy; 199; 1913
Thomas Robert Loy; 199; 1915
Thomas. R Loy. Pastry Cook; 199; 1920
Marchesi A, welder; 199; 1949
?Boutique; 199; 1982
-; 199 (off); 1908
-; 199 (off); 1910
Busy Bee Letterbox; 199 (off); 1911
Busy Bee Letterbox; 199 (off); 1912
Busy Bee Letter Box; 199 (off); 1915
Busy Bee Letter Box / The Perth Night Watch Patroling Co. (F M Dean Mirza, superintendent); 199 (off); 1920
Caird, George. Fruiterer & Confectioner; 200; 1908
Caird, George. Fruiterer & Confectioner; 200; 1909
Caird, George. Fruiterer & Confectioner; 200; 1910
Mrs A. Wren, ham & beef; 200; 1911
Anthony Picone, Confectioner; 200; 1912
Mrs Hardy, Wine Saloon; 200; 1913
Mrs Hardy. Wine Saloon & Confectioner; 200; 1915
Young Brothers Wine Saloon; 200; 1920
Symonds, Edwin, sd & plant merchant; 200; 1930
Symonds Edwin, and plant mchnt; 200; 1949
Sauma, Modern Indian Restaurant; 200; 2015
Mrs D Cohen. Dressmaker & Milliner; 201; 1910
Sidney J. Kembrey, Leather & Grindery; 201; 1912
Sydney Kaberry. Leather & Grindery; 201; 1915
Albert Hutchins, Bootmaker; 201; 1920
Georges & Christo, Mixed Businesses; Symonds Edwin, and plant mchnt; 201; 1949
Northbridge Bargain Store; 201; 1982
Busy Bee Pharmacy; 201; 2015
David Rosen, pawnbroker; 202; 1908
Rosen David, pawnbroker; 202; 1909
Phillip Rosen Pawn Broker; 202; 1910
David Rosen, Pawn Broker; 202; 1911
David Rosen, Pawn Broker; 202; 1912
David Rosen, Pawn Broker; 202; 1913
David Rosen, pawnbroker; 202; 1915
Phillip Rosen Pawn Broker; 202; 1920
Symonds, Edwin, sd & plant merchant; 202; 1930
Symonds Edwin, and plant mchnt; 202; 1949
Precision Photographic; 202; 1982
Busy Bee Pharmacy; 202; 2015
-; 203; 1910
Vasla Zako, Fish Saloon; 203; 1911
Vasla Zako, Fish Saloon; 203; 1912
S Lucas. Fish Shop; 203; 1915
S Lucas. Fish Shop; 203; 1920
Medd K L, Chemist; 203; 1949
Medd's Pharmacy; 203; 1981
Medd's Pharmacy; 203; 1982
Busy Bee Pharmacy; 203; 2015
Jno. N Birks. Chemist.; 204; 1908
Griffiths W.A. chemist; 204; 1909
E. Baker, Furniture Maker; 204; 1913
Mary A Daniels, Furniture Dealer; William Daniels, Carrier; 204; 1915
Mary A Daniels Furniture Dealer; Jas Wilson; William Daniels, Carrier; 204; 1920
Menara, V, cafe; 204; 1930
Franco's Coffee Bar; 204; 1982
Busy Bee Pharmacy; 204; 2015
Joe Johnson, Fishmonger; 205; 1908
W Grittiths Almond. Chemist; 205; 1910
William Flint, Tobacconist; 205; 1911
William Flint, Tobacconist; 205; 1912
William Flint. Tobacconist & Hairdresser; 205; 1915
William Flint. Tobacconist & Hairdresser; 205; 1920
Scotis N, hairdresser and tobacconist; 205; 1949
La Spina & Kotula Estate Agents; 205; 1981
La Spina & Kotula Estate Agents; 205; 1982
Busy Bee Pharmacy; 205; 2015
Angelo Kouvaras. Fruiterer & Confectioner; 206; 1908
Ernest J Foreman. Restaurant; 206; 1910
Ernest J Foreman. Restaurant; 206; 1911
Ernest J Foreman, Restaurant; 206; 1912
Ernest J Foreman, Restaurant; 206; 1913
Ernest J Foreman. Restaurant; 206; 1915
Union Cafe (Mrs D Carter); 206; 1920
Bank of NSW; 206; 1930
Bank of NSW; 206; 1949
Bank of NSW; 206; 1982
-; 207; 1908
Hing Wing & Co. Fruiterers; 207; 1910
Hing, Wing & Co. Fruiterers; 207; 1911
Hing, Wing & Co. Fruiterers; 207; 1912
Hing Wing & Co. Fruiterers; 207; 1915
Hing Wing & Co. Fruiterers & Greengrocers; 207; 1920
Dean Abdul M, Herbalist; 207; 1949
L Shuhen, Herbalist; 208; 1908
Lewis, Mrs Ethel; 208; 1909
Mrs E. J. Cooper, Costumiere; 208; 1911
Edward Cooper
Mrs E. J. Cooper, Costumiere; 208; 1912
Mrs N. Phillips, Dressmaker; 208; 1913
Mrs L(ouisa?) Thorburn, Lodging house; 208; 1915
Mrs L Stephens; 208; 1920
Mistrorigo & Lankester, chemist; 208; 1930
Merizzi Travel Agency; 208; 1981
Merizzi Travel Agency; 208; 1982
Merizzi Travel Agency; 208; 1983
Merizzi Travel Agency; 208; 1984
Merizzi Travel Agency; 208; 1985
Merizzi Travel Agency; 208; 1986
Merizzi Travel Agency; 208; 1987
Merizzi Travel Agency; 208; 1988
Merizzi Travel Agency; 208; 1989
Merizzi Travel Agency; 208; 1990
Merizzi Travel Agency; 208; 1991
Merizzi Travel Agency; 208; 1992
Merizzi Travel Agency; 208; 1993
Merizzi Travel Agency; 208; 1994
Merizzi Travel Agency; 208; 1995
Merizzi Travel Agency; 208; 1996
Merizzi Travel Agency; 208; 1997
Merizzi Travel Agency; 208; 1998
Merizzi Travel Agency; 208; 1999
Merizzi Travel Agency; 208; 2000
Merizzi Travel Agency; 208; 2001
Merizzi Travel Agency; 208; 2002
Merizzi Travel Agency; 208; 2003
Merizzi Travel Agency; 208; 2004
Merizzi Travel Agency; 208; 2005
Merizzi Travel Agency; 208; 2006
Merizzi Travel Service WA; 208; 2007
Great Western Hotel. E. B Porter; 209; 1908
Great Western Hotel.  Ethelbert B Porter; 209; 1910
Great Western Hotel, Ethelbert B Porter; 209; 1911
Great Western Hotel, John Quigley; 209; 1912
Great Western Hotel.  George A Kentish; 209; 1915
Great Western Hotel.  F R Chalk.; 209; 1920
Great Western Hotel; 209; 1949
Great Western Hotel; 209; 1983
The Brass Monkey Hotel; 209; 1989
Brass Monkey Hotel; 209; 2015
Northbridge Dining Bazaar; 209a; 1983
Grapeskin Bottle Shop; 209a; 2015
Alfred E Apps; 210; 1908
Ramsden Mrs Elizabeth; 210; 1909
Fredrick Southern; 210; 1910
Fredrick Southern; 210; 1911
William Bryant; 210; 1912
Mrs E. Clifford, Boarding House; 210; 1913
Miss M Mckinley. Boarding house; 210; 1915
Mrs Mary Wilson, Boarding house; 210; 1920
Downs, Mrs A D, tea rooms; 210; 1930
Merizzi Travel Agency; 210; 1981
Merizzi Travel Agency; 210; 1982
Ryder Jas, engraver; 210a; 1909
Merizzi Travel Agency; 210a; 1981
Merizzi Travel Agency; 210a; 1982
-; 211; 1908
-; 212; 1908
Genl Embroidery Wks; 212; 1930
Venezia Tailors; 212; 1982
Arcane Bookshop, Terri-Ann White; 212; 1983
Arcane Bookshop, Terri-Ann White; 212; 1984
Arcane Bookshop, Terri-Ann White; 212; 1985
Arcane Bookshop, Terri-Ann White; 212; 1986
Arcane Bookshop, Terri-Ann White; 212; 1987
Arcane Bookshop, Terri-Ann White; 212; 1988
Arcane Bookshop, Terri-Ann White; 212; 1989
Arcane Bookshop, Terri-Ann White; 212; 1990
Arcane Bookshop, Terri-Ann White; 212; 1991
Arcane Bookshop, Terri-Ann White; 212; 1992
Arcane Bookshop, Terri-Ann White; 212; 1993
Arcane Bookshop, Terri-Ann White; 212; 1994
Arcane Bookshop, Terri-Ann White; 212; 1995
Arcane Bookshop, Terri-Ann White; 212; 1996
Arcane Bookshop, Terri-Ann White; 212; 1997
Arcane Bookshop, Terri-Ann White; 212; 1998
Arcane Bookshop, Terri-Ann White; 212; 1999
Arcane Bookshop, Terri-Ann White; 212; 2000
Arcane Bookshop, Terri-Ann White; 212; 2001
Arcane Bookshop, Terri-Ann White; 212; 2002
Arcane Bookshop, Terri-Ann White; 212; 2003
Arcane Bookshop, Terri-Ann White; 212; 2004
Arcane Bookshop, Terri-Ann White; 212; 2005
Vacant; 212; 2008
Vacant; 212; 2009
Vacant; 212; 2010
New Edition, Book Store/Cafe; 212; 2011
New Edition, Book Store/Cafe; 212; 2012
New Edition, Book Store/Cafe; 212; 2013
Northside Books (formerly New Edition); 212; 2014
Northside Books (formerly New Edition); 212; 2015
-; 213; 1908
Mrs E Johnstone; 214; 1908
Johnstone Mrs E; 214; 1909
Mrs. E Johnstone; 214; 1911
Mrs. E Johnstone; 214; 1912
John Vaughn, Boarding House; 214; 1913
Edwin J White, Lodging House; 214; 1915
Jonathan Quinlan; 214; 1918
Mrs C Penny. Lodging house; 214; 1920
Nationa Bank of Australasia Pty Ltd (W Choyce, mgr); 214; 1930
Nationa Bank of Australasia Pty Ltd (W Choyce, mgr); 214; 1934
National Bank of Australia; 214; 1982
Vacant; 214; 2004
Vacant; 214; 2005
Vacant; 214; 2006
Vacant; 214; 2007
Vacant; 214; 2008
Vacant; 214; 2009
Vacant; 214; 2010
Vacant; 214; 2011
Vacant; 214; 2012
Vacant; 214; 2013
Vacant; 214; 2014
D. H Lillingston. Watchmaker & Jeweller; 215; 1908
D. H Lillingston. Watchmaker & Jeweller; 215; 1910
D. H Lillingston. Watchmaker & Jeweller; 215; 1911
Daniel H. Lillingston, Watchmaker & Jeweller; 215; 1912
Daniel H Lillingston. Watchmaker & Jeweller; 215; 1915
E E Jones, Hairdresser & Tobacconist; 215; 1920
Luisini E, Clothier; 215; 1949
A. Picone. Fruiterer; 217; 1908
A. Picone. Fruiterer; 217; 1910
A. Picone. Fruiterer; 217; 1911
T. Lewis Keegan, Fruiterer; 217; 1912
Peter Wood. Fruiterer & Confectioner; 217; 1915
Sydney Young. Wine Saloon; 217; 1920
Luisini E, Clothier; 217; 1949
William Kenney; 218; 1908
Barkle Mrs Lydia; 218; 1909
Mrs E Johnstone; 218; 1910
Mrs E. James, Music Teacher; 218; 1911
Joseph Gould; 218; 1912
Joseph Gould; 218; 1913
Miss A Moran. Lodging house; 218; 1915
Mrs M Quinn. Lodging House; 218; 1920
Kelly, Mrs E, dng rms; 218; 1930
S. Forte & Co; 218; 1954
S. Forte & Co; 218; 1955
S. Forte & Co; 218; 1956
S. Forte & Co; 218; 1957
S. Forte & Co; 218; 1958
S. Forte & Co; 218; 1959
S. Forte & Co; 218; 1960
S. Forte & Co; 218; 1961
S. Forte & Co; 218; 1962
S. Forte & Co; 218; 1963
S. Forte & Co; 218; 1964
S. Forte & Co; 218; 1965
S. Forte & Co; 218; 1966
S. Forte & Co; 218; 1967
S. Forte & Co; 218; 1968
S. Forte & Co; 218; 1969
S. Forte & Co; 218; 1970
S. Forte & Co; 218; 1971
S. Forte & Co; 218; 1972
S. Forte & Co; 218; 1973
S. Forte & Co; 218; 1974
S. Forte & Co; 218; 1975
S. Forte & Co; 218; 1976
S. Forte & Co; 218; 1977
S. Forte & Co; 218; 1978
S. Forte & Co; 218; 1979
S. Forte & Co; 218; 1980
S. Forte & Co; 218; 1981
S. Forte & Co; 218; 1982
Power Bros. Plumbers &c; 219; 1908
Power Bros. Plumbers &c; 219; 1910
Power Bros. Plumbers & c; 219; 1911
Power Bros. Plumbers & c; 219; 1912
Power Bros. Plumbers &c; 219; 1915
Albany Bell Ltd. Confectioners; 219; 1920
Luisini E, Clothier; 219; 1949
Rosen Dave, pawn broker; 220; 1930
Beckman B, dealer; 220; 1949
?Tailor; 220; 1982
Merge Clothing; 220; 2015
Joseph Garcia, Hairdresser; 221; 1908
Edward Hubble. Ham & Beef Shop; 221; 1910
Mrs A. Rickard, Dressmaker; 221; 1911
Mrs A. Rickard, Dressmaker; 221; 1912
Jos Rickard, Broker; Mrs A Rickard, Dressmaker; 221; 1915
Mrs A Rickard, Dressmaker; 221; 1920
Luisini E, Wine Saloon; 221; 1949
Covent Garden Wine Saloon; 221; 1954
Sicari Stationary; 221; 1983
Universal Bar; 221; 2001
Universal Bar; 221; 2002
Universal Bar; 221; 2003
Universal Bar; 221; 2004
Universal Bar; 221; 2005
Universal Bar; 221; 2006
Universal Bar; 221; 2007
Universal Bar; 221; 2008
Universal Bar; 221; 2009
Universal Bar; 221; 2010
Universal Bar; 221; 2011
Universal Bar; 221; 2012
Universal Bar; 221; 2013
Universal Bar; 221; 2014
Universal Bar; 221; 2015
W. S. Goon & Co, banana importers; 222b; 1910
Radin, A, conf; 222b; 1930
Wachman & Sons, drprs; 222; 1930
?Travel Service; 222; 1982
George H Adkins. Ironmonger; 223; 1908
George H Adkins. Ironmonger; 223; 1910
George H Adkins. Ironmonger; 223; 1911
William Johns, Grocer; 223; 1912
Harry C George. Frocer; 223; 1915
Mrs Matthews, Dealer; 223; 1920
George's Tailoring Co. ; 223; 1949
George's Tailoring Co. ; 223; 1950
George's Tailoring Co. ; 223; 1951
George's Tailoring Co. ; 223; 1952
George's Tailoring Co. ; 223; 1953
George's Tailoring Company; 223; 1954
Silver Dollar Wine House & Restaurant; 223; 1983
Lucky 7 Star Convenience Store; 223; 2015
Jno McCann; 224; 1908
Whittaker Mrs Sarah; 224; 1909
Mrs Rose McDonough; 224; 1911
Mrs Rose McDonough; 224; 1912
Mrs Rose McDonough; 224; 1913
Mrs J Slater, Boarding house; 224; 1915
Mrs T Rosmanich. Lodging House; 224; 1920
Rechabites Hall; 224; 1930
M. Kamenoff Ladies & Gents tailor; 224; 1953
Mayfair Photographics (maybe); 224; 1980
Gino's Photographic Studio; 224; 1984
Giotto Arts Studio; 224; 1987
Giotto Arts Studio; 224; 1988
Giotto Arts Studio; 224; 1989
Giotto Arts Studio; 224; 1990
George H Adkins. Ironmonger; 225; 1908
George H Adkins. Ironmonger; 225; 1910
George H Adkins. Ironmonger; 225; 1911
William Johns, Grocer; 225; 1912
Mrs E L Ethell. Lodging house; 225; 1915
Krasnostein J, Hardware Dealer; 225; 1949
Paul Silvestri, 225A William Street; 225; 1954
ANZ Bank; 225; 1983
Peterpans Adventure Travel; 225; 2015
Vacant; 226; 1930
William Beaumont. Butcher; 227; 1908
William Beaumont. Butcher; 227; 1910
William N Beaumont, Butcher; 227; 1911
William N. G. Beaumont, Butcher; 227; 1912
Walter C Alldis. Butcher; 227; 1915
Owen Trevett, Butcher; 227; 1920
Pethick Leonard, Butcher; 227; 1949
Pethick Leonard, Butcher; 227; 1950
Pethick Leonard, Butcher; 227; 1951
Pethick Leonard, Butcher; 227; 1952
Pethick Leonard, Butcher; 227; 1953
Pethick Leonard, Butcher; 227; 1954
Northbridge Newsagency; 227; 2015
Edward Moss. Phrenologist; 229; 1908
Thos White; 229; 1910
Thomas White; 229; 1911
Thomas White; 229; 1912
Thos White, Lodging house; 229; 1915
Mrs Martha Hall; 229; 1920
Clonzas G, Grocer; 229; 1949
OnC Hair Studio; 229; 2015
-; 230; 1908
Famous Lasky Film Service Ltd (reg ofce); 230; 1930
Paramount Film Service, Pty Ltd, film exchange; 230; 1945
Paramount Film Service, Pty Ltd, film exchange; 230; 1946
Paramount Film Service, Pty Ltd, film exchange; 230; 1947
Paramount Film Service, Pty Ltd, film exchange; 230; 1948
Paramount Film Service, Pty Ltd, film exchange; 230; 1949
Paramount Film Service, Pty Ltd, film exchange; 230; 1950
Paramount Film Service, Pty Ltd, film exchange; 230; 1951
Paramount Film Service, Pty Ltd, film exchange; 230; 1952
Paramount Film Service, Pty Ltd, film exchange; 230; 1953
Paramount Film Service, Pty Ltd, film exchange; 230; 1954
River Cruise Supper Club; 230; 1983
River Cruise Supper Club; 230; 1984
Xotica; 230; 2015
Jas. H Barkle; 231; 1908
Edward J Villa; 231; 1910
Mrs Margaret McCradden; 231; 1911
Miss Margaret McCradden; 231; 1912
Miss M McCradden. Lodging House; 231; 1915
Miss M McCradden. Lodging House; 231; 1920
Galvin and Co. R, Plumbers supplies; Rear: Premier Engineering Co., brassfounders; 231; 1949
Galvin and Co. R, Plumbers supplies; Rear: Premier Engineering Co., brassfounders; 231; 1950
Galvin and Co. R, Plumbers supplies; Rear: Premier Engineering Co., brassfounders; 231; 1951
Galvin and Co. R, Plumbers supplies; Rear: Premier Engineering Co., brassfounders; 231; 1952
Galvin and Co. R, Plumbers supplies; Rear: Premier Engineering Co., brassfounders; 231; 1953
Galvin and Co. R, Plumbers supplies; Rear: Premier Engineering Co., brassfounders; 231; 1954
Kee Chong. Laundry; 232; 1908
W. S. Goon & Co. Banana Importers
Miss Ochima, Confectioner; 232; 1911
W. S. Goon & Co. Banana Importers; 232; 1912
J. G. W Vernon, Small Goods; 232; 1913
J G W Vernon. Smallgoods; 232; 1915
S Lazell Herbalist; 232; 1920
Marzo, Alfred, tlr; 232; 1930
Robert Raftis; 233; 1908
Edward J Laugham; 233; 1910
Mrs Cath McKrenner; 233; 1911
Mrs Cath McKrenner; 233; 1912
Patrick J Kiernan. Lodging House; 233; 1915
Mrs Ethel Jones; 233; 1920
Theodesia Dyson. Furniture Dealer; 234; 1908
Dyson Theodosia, furniture dealer; 234; 1909
Theo Dyson. Furniture Dealer; 234; 1910
Mrs R Nathan, Furniture Dealer; 234; 1912
J. Isicman, Picture Framer
I. Mossenson, Watch Maker; 234; 1913
Jacob Jacobs; I Mossenson, Watchmaker; 234; 1915
I Mossensen Watchmaker; 234; 1920
Milevich, Matt, ldghouse; 234; 1930
The Aurora Nightclub; 234; 1983
The Aurora Nightclub; 234; 1984
Club 234; 234; 2007
Heinrich Schmidt. Lock & Gunsmith; 235; 1908
Heinrich Schmidt. Lock & Gunsmith; 235; 1910
Heinrich Schmidt, Lock & Gunsmith; 235; 1911
Heinrich Schmidt, Lock & Gunsmith; 235; 1912
Heinrich Schmidt senior. Lock & Gunsmith; 235; 1915
Heinrich Schmidt senior. Lock & Gunsmith; 235; 1920
Northline Coffee Shop; 235; 1983
Theodesia Dyson. Furniture Dealer; 236; 1908
Dyson Theodosia, furniture dealer; 236; 1909
Mrs E. McDonald, Confectioner & Fruiterer; 236; 1913
Jno J Stewart. Confectioner & Fruiterer; 236; 1915
Mrs B H Curtis. Confectioner; 236; 1920
Wrightson, E, hairdresser; 236; 1930
New Zealand dining restaraunt; 236; 1949
Notturno Cafe; 236; 1983
Notturno Cafe; 236; 1984
Backpackers World Travel; 236; 2007
Arthur G Marflett. Land Agent; 237; 1908
Arthur G Marflett. Land Agent; 237; 1910
Arthur G Marflett, Land Agent; 237; 1911
Arthur G Marflett, Land Agent
William Sherwood, Fruiterer; 237; 1912
A J Cambridge & Co. Estate Agents; 237; 1915
A J Cambridge & Co. Estate Agents; 237; 1920
Papas Nick, Tailors; 237; 1949
Northbridge News; 237; 1983
Onnie __ Confectioner; 238; 1908
Onnie -, confe; 238; 1909
Onnie __ Confectioner; 238; 1910
Miss Ochima, Confectioner; 238; 1912
Miss Ochima, Confectioner; 238; 1913
William Brown Saddler; 238; 1915
William Brown Saddler; 238; 1920
MAX SIMONS, elastic
goods manufacturer.; 238; 1927
Lee, Mrs Annie, dng rms; 238; 1930
Marchesi; 238; 1939
Marchesi; 238; 1954
Miss J McKinnon, Stationer; 239; 1908
Miss J McKinnon, Stationer; 239; 1910
Miss K. Daven, Stationer; 239; 1911
Miss K. Daven, Stationer; 239; 1912
Miss K F Davern. Stationer; 239; 1915
Mrs E Griffiths. Stationer; 239; 1920
Hassett Richard J, Newsagent; 239; 1949
Lee Hang, Laundry; 240; 1908
Hang Lee, Laundry; 240; 1909
Lee Hang, Laundry; 240; 1910
Lee Hang, Laundry; 240; 1911
Lee Hang, Laundry; 240; 1912
Lee Hang, Laundry; 240; 1913
Lee Hang, Laundry; 240; 1915
Lee Hang Laundry; 240; 1920
Hang Lee, lndry; 240; 1930
Marchesi; 240; 1954
Marchesi Menswear; 240; 1983
Marchesi Menswear; 240; 1984
Mrs Annie Richards. Dressmaker; 241; 1908
Mrs Annie Richards. Dressmaker; 241; 1910
Jesse Verrier, Bootmaker; 241; 1911
William H. Jeffries, Bootmaker; 241; 1912
Harry. G. Campbell. Cycle Depot; 241; 1915
Harry. G. Campbell. Cycle Depot; 241; 1920
WA Drycleaners; 241; 1949
Danny's Shoe Store; 241; 1983
U &I 24 hr pho; 241; 2015
A Lucien Mosconas. Fruiterer; 242 Ground; 1908
Bensky Jos. Carpenter & Joiner; 242 Ground; 1909
Jos Bensky Carpenter; 242 Ground; 1910
Jos Bensky Carpenter; 242 Ground; 1911
Joseph Bensky, Furniture Manufacturer; 242 Ground; 1912
Joseph Bensky, Furniture Manufacturer; 242 Ground; 1913
Jos Bensky Furniture Manufacturer; 242 Ground; 1915
Jos Bensky Furniture Manufacturer; 242 Ground; 1920
Macedonian & Jugo-Slav Home; 242 Ground; 1930
Lovecraft Adult Store; 242 Ground; 1983
Echo Travel Service; 242 Ground; 1984
Wild Lily Empire; 242 Ground; 2011
Wild Lily Empire / Ruck Rover General Store (from August 2012); 242 Ground; 2012
Ruck Rover General Store; 242 Ground; 2013
Ruck Rover General Store; 242 Ground; 2014
Ruck Rover General Store; 242 Ground; 2015
Oh Henry Vintage; 242 First Floor; 2012
Yoga Alchemy (mid year); 242 First Floor; 2013
Yoga Alchemy; 242 First Floor; 2014
Yoga Alchemy; 242 First Floor; 2015
Swan Drug Co. (Fred. W E Danker, manager); 243; 1908
Swan Drug Co. (Fred. W E Danker, manager); 243; 1910
Swan Drug Co. (Fred W. E .Danker, Manager); 243; 1911
Swan Drug Co. (Fred W. E .Danker, Manager); 243; 1912
Swan Drug Co. (Fred. W E Danker, manager); 243; 1915
Swan Drug Co. (Fred. W E Danker, manager); 243; 1920
Athanasou M D, Fruitier; 243; 1949
Marchesi Menswear; 244; 2007
Harold Martin. Music Warehouse & Piano Tuner; 245; 1908
Harold Martin. Music Warehouse & Piano Tuner; 245; 1910
Harold Martin, Music Warehouse & Piano Tuner; 245; 1911
Harold Martin, Music Warehouse & Piano Tuner; 245; 1912
Harold Martin. Music Warehouse & Piano Tuner; 245; 1915
Jno. Mallard. Grocerer  & Fruiterer; 245; 1920
David Wells Cash Grocer; 245; 1927
Enright Mrs A, Wine Saloon; 245; 1949
Casa Latina Restaurant; 245; 1984
Han's Cafe; 245; 2009
Han's Cafe; 245; 2010
Han's Cafe; 245; 2011
Han's Cafe; 245; 2012
Han's Cafe; 245; 2013
Han's Cafe; 245; 2014
Han's Cafe; 245; 2015
Jas Billings; 246; 1908
McCormack Mrs M; 246; 1909
Mrs M McCormack; 246; 1910
John Freeman; 246; 1911
John Freeman; 246; 1912
Herbert Alver; 246; 1913
Mrs M Cunningham, Lodging house; 246; 1915
Miss I Wiggins Dressmaker; 246; 1920
Thomas Mrs E A, dlr and dyer; 246; 1930
City Electric Co. elec contractors; 246; 1949
Westpac Banking Corp; 246; 1983
vacant; 246; 1984
Vacant; 246; 2007
Gleeson Jno. Hairdresser & Tobacconist; 247; 1908
Gleeson Jno. Hairdresser & Tobacconist; 247; 1910
John Gleeson, Hairdresser & Tobacconist; 247; 1911
John Gleeson, Hairdresser & Tobacconist; 247; 1912
Gleeson Jno. Hairdresser & Tobacconist; 247; 1915
Gleeson Jno. Hairdresser & Tobacconist; 247; 1920
Britannia Bootmakers, Boot Repairers; 247; 1949
-; 247; 2015
-; 248; 1910
Thomas Mrs E A, dining rooms; 248; 1930
Rosenberg Marcus, second hand dealer; 248; 1949
-; 249; 1908
Francis P Barrett. Ham & Beef shop; 249; 1910
Francis P Barrett. Ham & Beef shop; 249; 1911
Mrs M. Heads, Small Goods; 249; 1912
Francis P Barrett. Smallgoods; 249; 1915
Miss A Purcell. Small goods; 249; 1920
Tompkin A A, Refreshment Rooms; 249; 1949
-; 249; 2015
-; 250; 1910
Salter, R, estate agent; 250; 1930
-; 251; 2015
Mrs Ellen Brown; 252; 1908
Brown Mrs Ellen; 252; 1909
Mrs Ellen Brown; 252; 1910
Mrs Sarah F. James; 252; 1911
Mrs Sarah F. James; 252; 1912
Mrs E. McDonald, Boarding House; 252; 1913
Jno Duffy. Boarding House; 252; 1915
Jno Duffy. Boarding House; 252; 1920
La Sposa Bridal; 252; 1983
La Sposa Bridal; 252; 1984
La Sposa Bridal; 252; 1985
La Sposa Bridal; 252; 1986
La Sposa Bridal; 252; 1987
La Sposa Bridal; 252; 1988
La Sposa Bridal; 252; 1989
La Sposa Bridal; 252; 1990
La Sposa Bridal; 252; 1991
La Sposa Bridal; 252; 1992
La Sposa Bridal; 252; 1993
La Sposa Bridal; 252; 1994
La Sposa Bridal; 252; 1995
La Sposa Bridal; 252; 1996
Britannia Coffee Palace. D. Bevan & W. Johns (proprietors); 253; 1908
Britannia Coffee Palace. D. Bevan & W. Johns (proprietors); 253; 1910
Britannia Coffee Palace. D. Bevan & W. Johns (proprietors); 253; 1911
Britannia Coffee Palace. D. Bevan & W. Johns (proprietors); 253; 1912
Britannia Coffee Palace. D. Bevan & W. Johns (proprietors); 253; 1915
Britannia Coffee Palace. D. Bevan & W. Johns (proprietors); 253; 1920
Britannia Coffee Palace; 253; 1949
Britannia Hostel; 253; 1973
Britannia Hostel; 253; 1974
Britannia Hostel; 253; 1975
Britannia Hostel; 253; 1976
Britannia Hostel; 253; 1977
Britannia Hostel; 253; 1978
Britannia Hostel; 253; 1979
Britannia Hostel; 253; 1980
Britannia Hostel; 253; 1981
Britannia Hostel; 253; 1982
Britannia Hostel; 253; 1983
Britannia Hostel; 253; 1984
Britannia Hostel; 253; 1985
Britannia Hostel; 253; 1986
Britannia Hostel; 253; 1987
Britannia Hostel; 253; 1988
Britannia Hostel; 253; 1989
Britannia Hostel; 253; 1990
Britannia Hostel; 253; 1991
Britannia Hostel; 253; 1992
Britannia Hostel; 253; 1993
Britannia Hostel; 253; 1994
Britannia Hostel; 253; 1995
Britannia Hostel; 253; 1996
Britannia Hostel; 253; 1997
Britannia Hostel; 253; 1998
Britannia Hostel; 253; 1999
Britannia Hostel; 253; 2000
Britannia Hostel; 253; 2001
Britannia Hostel; 253; 2002
Britannia Hostel; 253; 2003
Britannia Hostel; 253; 2004
Britannia Hostel; 253; 2005
Britannia Hostel; 253; 2006
Britannia Hostel; 253; 2007
Britannia Hostel; 253; 2008
Britannia Hostel; 253; 2009
Britannia Hostel; 253; 2010
Britannia Hostel; 253; 2011
Britannia Hostel; 253; 2012
Britannia Hostel; 253; 2013
Britannia Hostel; 253; 2014
253A - Seoul Buffet Korean Bbq and Steamboat
253 - Britannia Hostel; 253; 2015
-; 254; 1910
Jno Duffy. Boarding House; 254; 1920
Northbridge Emporium; 254; 1983
Northbridge Emporium; 254; 1984
Northbridge Emporium; 254; 1985
Northbridge Emporium; 254; 1986
Northbridge Emporium; 254; 1987
Northbridge Emporium; 254; 1988
Northbridge Emporium; 254; 1989
Northbridge Emporium; 254; 1990
Northbridge Emporium; 254; 1991
Northbridge Emporium; 254; 1992
Northbridge Emporium; 254; 1993
Northbridge Emporium; 254; 1994
Northbridge Emporium; 254; 1995
Northbridge Emporium; 254; 1996
Britannia Coffee Palace. D. Bevan & W. Johns (proprietors); 255; 1908
Britannia Coffee Palace. D. Bevan & W. Johns (proprietors); 255; 1910
Britannia Coffee Palace. D. Bevan & W. Johns (proprietors); 255; 1911
Britannia Coffee Palace. D. Bevan & W. Johns (proprietors); 255; 1912
Britannia Coffee Palace. D. Bevan & W. Johns (proprietors); 255; 1915
Britannia Coffee Palace. D. Bevan & W. Johns (proprietors); 255; 1920
Britannia Coffee Palace; 255; 1949
-; 256; 1910
Jno Duffy. Boarding House; 256; 1920
R&I Bank; 256; 1983
R&I Bank; 256; 1984
R&I Bank; 256; 1985
R&I Bank; 256; 1986
R&I Bank; 256; 1987
R&I Bank; 256; 1988
R&I Bank; 256; 1989
R&I Bank; 256; 1990
R&I Bank; 256; 1991
R&I Bank; 256; 1992
R&I Bank; 256; 1993
R&I Bank; 256; 1994
R&I Bank; 256; 1995
R&I Bank; 256; 1996
Alex Patman, Wine Saloon; 257; 1908
Alex Patman, Wine Saloon; 257; 1910
Alex Patman, Wine Saloon; 257; 1911
Alex Patman, Wine Saloon; 257; 1912
Alex Patman, Wine Saloon & Fruiterer; 257; 1915
Alex Patman, Wine Saloon, Confectioner & Fruiterer; 257; 1920
Britannia Coffee Palace; 257; 1949
Mrs H. McFie; 258; 1908
McFie Mrs H Attridge J.F. coach painter; 258; 1909
Mis H McFie; 258; 1910
Mrs H. McFie; 258; 1911
Mrs H. McFie; 258; 1912
Mrs H. McFie; 258; 1913
Mrs H Macphie; 258; 1915
Jno Duffy. Boarding House; 258; 1920
R&I Bank; 258; 1983
R&I Bank; 258; 1984
R&I Bank; 258; 1985
R&I Bank; 258; 1986
R&I Bank; 258; 1987
R&I Bank; 258; 1988
R&I Bank; 258; 1989
R&I Bank; 258; 1990
R&I Bank; 258; 1991
R&I Bank; 258; 1992
R&I Bank; 258; 1993
R&I Bank; 258; 1994
R&I Bank; 258; 1995
R&I Bank; 258; 1996
Alex Patman, Wine Saloon; 259; 1912
Ridolfo Carmelo, Hairdresser and Tobacconist; 259; 1949
Harry Highpants; 259; 2009
-; 260; 1910
Graham J H Tent mkr; 260; 1949
Outre Gallery; 260; 2015
Vic. Cohen, Carrier
Mrs M. Cohen, Dressmaker; 261; 1911
Vic. Cohen, Carrier; 261; 1912
Earnest Matthews. Dealer; 261; 1915
W J Shaw. Bootmaker & Importer; 261; 1920
Duduman A, Tailor; 261; 1949
Sicari Stationary; 261; 2005
Sicari Stationary; 261; 2006
Sicari Stationary; 261; 2007
Sicari Stationary; 261; 2008
Sicari Stationary; 261; 2009
Sicari Stationary; 261; 2010
Sicari Stationary; 261; 2011
Sicari Stationary; 261; 2012
Sicari Stationary; 261; 2013
Sicari Stationary; 261; 2014
Sicari Stationary; 261; 2015
J. F Attridge. Coach Painter; 262; 1908
-; 262; 1910
G. W. Underwood. Bootmaker; 263; 1908
MIlitary Cadet Club. Lieut. Robert Jackson, Sec.; 263; 1910
MIlitary Cadet Club. Lieut. Robert Jackson, Sec.; 263; 1911
W Jackson. Cutler; 263; 1915
C Strickland. Tailor; 263; 1920
New York Drycleaners; 263; 1949
Hair Etc; 263; 2009
Snowhite Towel and Overall Serv, ltd, lndry; 264; 1949
Joy Tours; 264; 2015
Henry Cohen, Furniture Dealer; 265; 1908
Jno G Kaye. Electrician; 265; 1910
Western Dairy Co. William H. Taylor; 265; 1911
Western Dairy Co. William H. Taylor
Oddfellers' Hall, James R. Bolt (Secretary) *this might be 266 as recorded in 1911.; 265; 1912
Western Dairy Co (William H Taylor); 265; 1915
Western Dairy Co (William S Collings); 265; 1920
Turner A S, Accountant; 265; 1949
Lovecraft Restricted Bookshop; 265; 1983
Optima Vision; 265; 2009
Optima Vision; 265; 2010
Optima Vision; 265; 2011
Optima Vision; 265; 2012
Optima Vision; 265; 2013
Optima Vision; 265; 2014
Optima Vision; 265; 2015
William H Jones Furniture Dealer; 266; 1908
Jones W furniture dlr; 266; 1909
William H Jones Furniture Dealer; 266; 1910
William H Jones Furniture Dealer
William H Jones, Oddfellers' Hall; 266; 1911
William H. Jones, Furniture Dealer; 266; 1912
William H. Jones, Furniture Dealer; 266; 1913
William H Jones Furniture Dealer; 266; 1915
William H Jones Furniture Dealer; 266; 1920
Rappeport Gilbt, furn mfr; 266; 1949
Joy Tours; 266; 2007
Oddfellows' Hall; 267; 1908
Oddfellows' Hall; 267; 1910
Oddfellows' Hall (S G Uren, sec); 267; 1915
Manchester Unity Hall (A S Green, Grand Secretary); 267; 1920
Man Sun J C, laundry; Manchester Unity Hall; MUIOOF lodge; 267; 1949
Ginger's Nightclub; 267; 1983
The Burlesque Lounge; 267; 2009
Paper Mountain; 267; 2015
Western Dairy Co.; 267a; 1949
?; 267a; 1983
Il Vero Gusto; 267a; 2009
Little Willy's; 267a; 2015
Giannasi P, Greengrocer and Fruitier; 267B; 1949
Hopper's Home Brew; 267B; 1983
Vinnies Retro; 267B; 2009
Vinnies Retro; 267B; 2010
Vinnies Retro; 267B; 2011
Vinnies Retro; 267B; 2012
Vinnies Retro; 267B; 2013
Vinnies Retro; 267B; 2014
Vinnies Retro; 267B; 2015
Wing Loong News and Books; 268; 2007
Sutherland & Dadd, Engineers; 269; 1908
Sutherland & Dadd, Engineers; 269; 1910
Sutherland & Dadd, Engineers; 269; 1911
Sutherland & Son, Engineers; 269; 1912
Sutherland & son, Engineers; 269; 1915
Sutherland & son, Engineers; 269; 1920
Dorigo Jno, Tailor; 269; 1949
Elia's Coffee Lounge; 269; 1983
Joy Cafe; 269; 2009
Joy Cafe; 269; 2010
Joy Cafe; 269; 2011
Joy Cafe; 269; 2012
Joy Cafe; 269; 2013
Joy Cafe; 269; 2014
Joy Cafe; 269; 2015
Swan Gymnasium phys culture; 269a; 1949
Mrs Minnie Brown. Tobacconist; 270; 1908
Brown Mrs Minnie, tobacconist; 270; 1909
Mrs Minnie Brown. Tobacconist; 270; 1910
Mrs Minnie Brown, Tobacconist; 270; 1911
Mrs Minnie Brown, Tobacconist; 270; 1912
Mrs Minnie Brown, Tobacconist; 270; 1913
Mrs D Gotlieb. Dressmaker; 270; 1915
Thomas Locke Fish Shop; 270; 1920
Red Hill Bakery; 270; 2007
Red Hill Bakery; 270; 2008
Red Hill Bakery; 270; 2009
Red Hill Bakery; 270; 2010
Jas. A Jewell. Baker & Confectioner; 271; 1908
Jas. A Jewell. Baker & Confectioner; 271; 1910
Jas. A Jewell. Baker & Confectioner; 271; 1911
James A. Jewell, Baker & Confectioner; 271; 1912
Mrs  K Fielder, Baker & Confectioner; 271; 1915
W E Gladstone. Baker; 271; 1920
De Ceglic Glovanni, Hairdresser; 271; 1949
Frank Rando, Continental Hair Specialist; 271; 1983
Internet Station; 271; 2009
Internet Station; 271; 2010
J Tie Chan. Artist; 272; 1908
Klein M dealer; 272; 1909
George Sallur. Bootmaker; 272; 1910
George Sallur. Bootmaker; 272; 1911
Joseph Richards, Bootmaker; 272; 1912
Joseph Richards, Bootmaker; 272; 1913
Jos Richards Bootmaker; 272; 1915
Jos Richards Bootmaker; 272; 1920
Christo P P, tailor; 272; 1949
All Phones; 272; 2007
Thos Richards. Grocer; 273; 1908
Telfer's CIty Steam Laundry (Receiving office); 273; 1910
William Rosevear, Plumber; 273; 1911
William Rosevear, Plumber; 273; 1912
Victor Cohen, Carrier; 273; 1915
W J Richmond, Fruiterer & Confectioner; 273; 1920
Italiano A, Tailor; 273; 1949
Galaxy Estate Agency; 273; 1983
WA's Chinese Videos, Books & News; 273; 2009
WA's Chinese Videos, Books & News; 273; 2010
Miss A Latham. Dressmaker; 273a; 1910
Mrs M Cohen. Refreshment Rooms; 273a; 1915
Goon Goon Laundry; 274; 1908
Goon Goon Laundry; 274; 1909
Goon Goon Laundry; 274; 1910
Goon Goon Laundry; 274; 1911
Goon Goon Laundry; 274; 1912
Goon Goon Laundry; 274; 1913
Goon Goon Laundry; 274; 1915
Goon Goon Laundry; 274; 1920
Marchest and Moretto, tailors; 274; 1949
International Student Centre; 274; 2007
Periscop Clothing; 274; 2012
Periscop Clothing; 274; 2015
-; 275; 1908
Patman E G & L M, Refreshment Rooms; 275; 1949
La Belle Epoque French Restaurant; 275; 1983
Golden King BBQ; 275; 2009
Golden King BBQ; 275; 2010
Kaye J.G. electrician and gas fitter; 276 - GROUND; 1909
Austin Lee, Cycle Dealer; 276 - GROUND; 1910
Joe Fletcher, Butcher; 276 - GROUND; 1911
Joseph H. Fletcher, Butcher; 276 - GROUND; 1912
Joseph H. Fletcher, Green Grocer; 276 - GROUND; 1913
Baker F.E. Butcher; 276 - GROUND; 1914
James Cringlington, confectioner & fruiterer ; 276 - GROUND; 1915
Mrs D Gotlieb Dressmaker; 276 - GROUND; 1920
Isaia Mrs F, dressmaker; 276 - GROUND; 1949
Kim Kim Restaurant; 276 - GROUND; 1996
Keith + Lottie; 276 - GROUND; 2004
Keith + Lottie, Keith + Lottie Gallery; 276 - GROUND; 2005
Keith + Lottie, Keith + Lottie Gallery, The Butcher Shop; 276 - GROUND; 2006
Keith + Lottie, Keith + Lottie Gallery, The Butcher Shop; 276 - GROUND; 2007
Keith + Lottie, Keith + Lottie Gallery, The Butcher Shop; 276 - GROUND; 2008
The Butcher Shop; 276 - GROUND; 2009
The Butcher Shop; 276 - GROUND; 2010
The Butcher Shop; 276 - GROUND; 2011
The Butcher Shop; 276 - GROUND; 2012
The Butcher Shop; 276 - GROUND; 2013
The Butcher Shop; 276 - GROUND; 2014
The Butcher Shop; 276 - GROUND; 2015
Studio Robot; 276 - First Floor; 2004
Studio Robot; 276 - First Floor; 2005
Studio Robot; 276 - First Floor; 2006
Studio Robot, Whitegoods; 276 - First Floor; 2007
Studio Robot, Whitegoods; 276 - First Floor; 2008
Studio Robot, OnWilliam; 276 - First Floor; 2009
Studio Robot, OnWilliam; 276 - First Floor; 2010
Studio Robot, OnWilliam; 276 - First Floor; 2011
Studio Robot, OnWilliam; 276 - First Floor; 2012
Studio Robot, OnWilliam; 276 - First Floor; 2013
Studio Robot, OnWilliam, Mend Consulting, Sarah McCloskey (artist), Aidan Garnett (Graphic Design); 276 - First Floor; 2014
Studio Robot, OnWilliam, Mend Consulting, Sarah McCloskey (artist), Aidan Garnett (Graphic Design); 276 - First Floor; 2015
T. Walton Jones, Draper; 277; 1908
T. Walton Jones, Draper; 277; 1910
T. Walton Jones, Draper; 277; 1911
Walton T. Jones, Draper & Stationer; 277; 1912
T. Walton Jones, Storekeeper; 277; 1915
Blue Bros. Drapers & Iron Mongers; 277; 1920
Rappeport G, French Polisher; 277; 1949
-; 278; 1910
George H Tomlinson. Hairdresser & Tobacconist; 278; 1915
Robert J Milligan, Tobacconist; 278; 1920
Marto Spiro, mix bus; 278; 1949
Chung Wah Association; 278; 2007
Villa Italia; 279; 2003
Villa Italia; 279; 2004
Villa Italia; 279; 2005
Villa Italia; 279; 2006
Villa Italia; 279; 2007
Mrs M Lee, Dairy Products & Confectioner; 280; 1915
Vacnt; 280; 1919
Goanna Salve Ltd (H W Stead, manager); 280; 1920
Vacant; 280; 1921
Frost H P Scientific inst maker; 280; 1949
Mings Technologie; 280; 2006
Vacant; 280; 2007
Noise Pollution Records; 280; 2013
Noise Pollution Records; 280; 2014
Noise Pollution Records; 280; 2015
T. Walton Jones, Draper; 281; 1908
T. Walton Jones, Draper; 281; 1910
Walton T. Jones, Draper & Stationer; 281; 1912
T. Walton Jones, Storekeeper; 281; 1915
Blue Bros. Drapers & Iron Mongers; 281; 1920
New York Dental Co, dentists; 281; 1949
T. Walton Jones. Stationer; None; 1908
T. Walton Jones. Stationer; None; 1910
T. Walton Jones, Storekeeper; None; 1915
Blue Bros. Drapers & Iron Mongers; None; 1920
Firenze Tailor; None; 1983
-; 282; 1910
Max Bercov. Butcher; 282; 1915
I Rotenberg Butcher; 282; 1920
Unique International Hair Salon; 282; 1983
Unique International Hair Salon; 282; 1996
Didges We Doo; 282; 2006
Didges We Doo; 282; 2007
-; cnr (57 aberdeen; 1910
La Cholita; cnr (57 aberdeen; 2014
La Cholita; cnr (57 aberdeen; 2015
Bennett & Burnside, Grocers; 283; 1911
Bennett & Burnside, Grocers; 283; 1912
T A Glasson, Grocer; 283; 1920
Underwood V, Draper; 283; 1949
Aida Cafe/Restaurant/Club; 283; 2015
M & E Schlitz. Stationers, & Reg Office; 284; 1908
Rowe Percy, dyer & cleaner; 284; 1909
Bennett & Burnside, Grocers; 284; 1910
Percy Rowe, Dyer & Cleaner; 284; 1911
Percy Rowe, Dyer & Cleaner; 284; 1912
Percy Rowe, Dyer & Cleaner; 284; 1913
Bennett & Burnside, Grocers; 284; 1915
Bennett & Burnside, Grocers; 284; 1920
Sparta G, grocer; 284; 1949
S. Bathgate. House & land agent; 284a; 1908
Percy Rowe, Dyer & Cleaner; 284a; 1910
Percy Rowe, Dyer & Cleaner; 284a; 1915
Ireland & McNamara. Butchers; 285; 1908
Ireland & McNamara. Butchers; 285; 1910
Ireland & McNamara, Butchers; 285; 1911
Ireland & McNamara, Butchers; 285; 1912
Samuel Major. Butcher; 285; 1915
H J Collier Smallgoods; 285; 1920
Hans Petersen. Electrician.; 286; 1908
Grant Mrs W; 286; 1909
Edward Hallet; 286; 1911
Edward Hallet; 286; 1912
Edward Hallet; 286; 1913
Mrs K F Rendall; 286; 1915
Mrs M Booker. Lodging House; 286; 1920
Sparta G, grocer; 286; 1949
Mrs Elizabeth Price. Fruiterer & Cofectioner; 287; 1908
Mrs Leah Clifford. Greengrocer; 287; 1910
Jas. Clarke, Confectioner; 287; 1911
Geo. Dowe, Confectioner; 287; 1912
George. M Dow. Pastrycook; 287; 1915
Alfred Juleff, Fruiterer & Confectioner; 287; 1920
Jubilee Cafe; 287; 1949
George Bergstrand, Laundry; 289; 1908
L. Cole, Tailor; 289; 1912
Arthur O'Donnell. Hairdresser & Tobacconist; 289; 1915
Arthur O'Donnell. Hairdresser & Tobacconist; 289; 1920
Black & White Fruitiers; 289; 1949
Agostino Restaurant; 289; 1983
Fi & Co, Clothing Store; 289; 2015
-; 291; 1915
Samuel Major. Butcher; 291; 1920
Champion Butchers; 291; 1949
Roy Alexander (Himself) and Sons Gunsmith; 291; 1983
Roy Alexander (Himself) and Sons Gunsmith; 291; 1984
Roy Alexander (Himself) and Sons Gunsmith; 291; 1985
Maya Masala Indian Brasserie, Restaurant; 291; 2015
-; 291a; 1915
H Hoskins, Billiard Saloon; 291a; 1920
Keet D G, Antique Dealer; 291a; 1949
Uncle Domenic's Restaurant & Reception Centre; 291a; 1983
Uncle Domenic's Restaurant & Reception Centre; 291a; 1984
Uncle Domenic's Restaurant & Reception Centre; 291a; 1985
Mrs Thomas; 292; 1908
Jonas; 292; 1909
Alfred J Lipman; 292; 1910
Casey William; 292; 1911
Nurse Du Rieu; 292; 1912
Nurse Du Rieu; 292; 1913
Du Rieu, Nurse; 292; 1915
Du Rieu, Nurse; 292; 1920
Thos. Werrett. Dealer; 293; 1908
Thos. Werrett. Dealer; 293; 1910
Thomas Werrett, Dealer; 293; 1911
Thomas Werrett, Dealer; 293; 1912
Thomas Werrett. Dealer; 293; 1915
William J MacKay; 293; 1920
Joe ? Butcher?; 293; 1983
Chas H Nielson; 295; 1908
Chas H Nielson; 295; 1910
Charles H. Nielson
Robert Thomson, Fuel Merchant ; 295; 1911
Charles H. Nielson
Robert Thomson, Fuel Merchant ; 295; 1912
Chas H Nielson; 295; 1915
Chas H Nielson; 295; 1920
Dickerson Harry; 295; 1934
J. R. Ward. Masseur; 296; 1908
Ward J.R masseur; 296; 1909
Jas R Ward. Masseur; 296; 1910
Jas R Ward. Masseur; 296; 1911
James R. Ward, Masseur; 296; 1912
Jas R Ward. Masseur; 296; 1913
Jas R Ward. Masseur; 296; 1914
Jas R Ward. Masseur; 296; 1915
Jas R Ward. Masseur; 296; 1916
Jas R Ward. Masseur; 296; 1917
Jas R Ward. Masseur; 296; 1918
Mrs K McDonald. Lodging house; 296; 1919
Mrs K McDonald. Lodging house; 296; 1920
1/297 - Beer and Skewers, Restaurant
2/297 - Icey Ice iDesserts, Cafe/Restaurant; 297; 2015
Mrs D White; 300; 1908
White Mrs D; 300; 1909
Mrs Henrietta White; 300; 1910
Christr Hough; 300; 1911
Lloyd Morey; 300; 1912
Lloyd Morey; 300; 1913
Jas Tolmic. Carpenter; 300; 1915
William E Gladstone; 300; 1920
297 - 301? - Tra Vinh, Vietnamese Restaurant; 301; 2015
Mrs J Roundtree; 304; 1908
Roundtree Mrs J; 304; 1909
Carl H Sporrer; 304; 1910
Mrs H. White; 304; 1911
Mrs H. White; 304; 1912
James H. Murphy; 304; 1913
Mrs H Quinn; 304; 1915
Jas Graham; 304; 1920
Langon Signs and displays, Signwriters; 305; 1949
ANZ Bank; 305; 1983
1/305 - An's Kitchen, Restaurant
2/305 - Baby Mammoth, Restaurant; 305; 2015
George's Furniture and Hardware; 307; 1949
?Clothing Store; 307; 1983
Mrs Johanna Slater; 308; 1908
Slater Mrs Johanna; 308; 1909
Mrs Johanna Slater; 308; 1910
Mrs Johanna Slater; 308; 1911
Mrs Johanna Slater; 308; 1912
Mrs Johanna Slater; 308; 1913
Mrs J Jordan; 308; 1915
Mrs J Slater, Dressmaker; 308; 1920
-; 308; 1983
-; 308; 1984
Perfection confectionary co; 309; 1926
Perfection confectionary co; 309; 1927
O'Brien, Miss Molly, Tea & Lunch rooms; 309; 1928
O'Brien, Miss Molly, Tea & Lunch rooms; 309; 1929
Kowol Francis, Mix Business; 309; 1949
Bohemia's Charcoal Inn Restaurant; 309; 1983
Ben Jones, Shoemaker; 310; 1908
Jones Ben, shoemaker; 310; 1909
Ben Jones, Boot Dealer & Maker; 310; 1910
Ben Jones, Boot Dealer & Maker; 310; 1911
Ben Jones, Shoemaker; 310; 1912
Ben Jones, Shoemaker; 310; 1913
Ben Jones, Boot Dealer; 310; 1915
Ben Jones, Boot Dealer & Maker; 310; 1920
Dzienclol G, upholsterer ; 310; 1949
-; 310; 1983
-; 310; 1984
1/310 - The Grid, GP Virtual Racing (Ground Floor)
1/310 Little C's Pizzeria
Sakari Japanese Restaurant (upstairs); 310; 2015
Sampson & Harring, eye & motor mechs; 311; 1924
Sampson & Harring, eye & motor mechs; 311; 1925
Sampson N.H cycle & motor mechanics; 311; 1926
Sampson N.H cycle & motor mechanics; 311; 1927
Sampson N.H cycle & motor mechanics; 311; 1928
Sampson N.H cycle & motor mechanics; 311; 1929
Noack, R, Ladies Hairdressers; 311; 1930
Noack, R, Ladies Hairdressers; 311; 1931
Noack, R, Ladies Hairdressers; 311; 1932
Noack, R, Ladies Hairdressers; 311; 1933
Noack, R, Ladies Hairdressers; 311; 1934
Noack, R, Ladies Hairdressers; 311; 1935
Noack, R, Ladies Hairdressers; 311; 1936
Noack, R, Ladies Hairdressers; 311; 1937
Noack, R, Ladies Hairdressers; 311; 1938
Noack, R, Ladies Hairdressers; 311; 1939
Noack, R, Ladies Hairdressers; 311; 1940
Noack, R, Ladies Hairdressers; 311; 1941
Noack, R, Ladies Hairdressers; 311; 1942
Vacant; 311; 1944
Harrys electrical service, electrical supplies; 311; 1945
Harrys electrical service, electrical supplies; 311; 1946
Harrys electrical service, electrical supplies; 311; 1947
American Drycleaners; 311; 1949
Bohemia's Charcoal Inn Restaurant; 311; 1983
Rendezvous Takeaway & Delicacies; 311; 1996
Ben Jones, Shoemaker; 312; 1908
Ben Jones, Boot Dealer & Maker; 312; 1910
Ben Jones, Shoemaker; 312; 1913
Ben Jones, Boot Dealer; 312; 1915
Ben Jones, Boot Dealer & Maker; 312; 1920
Vertex Offset General Printers; 312; 1983
Vertex Offset General Printers; 312; 1984
Bennett & Burnside, grocers; 313; 1923
Hart Ohas furniture; 313; 1926
Hart Ohas furniture; 313; 1927
Hart Ohas furniture; 313; 1928
Vacant; 313; 1929
St Kilda Cafe; 313; 1930
St Kilda Cafe; 313; 1931
St Kilda Cafe; 313; 1932
St Kilda Cafe; 313; 1933
St Kilda Cafe; 313; 1934
St Kilda Cafe; 313; 1935
St Kilda Cafe; 313; 1936
St Kilda Cafe; 313; 1937
St Kilda Cafe; 313; 1938
St Kilda Cafe; 313; 1939
St Kilda Cafe; 313; 1940
St Kilda Cafe; 313; 1941
St Kilda Cafe; 313; 1942
St Kilda Cafe; 313; 1944
St Kilda Cafe; 313; 1945
St Kilda Cafe; 313; 1946
St Kilda Cafe; 313; 1949
Balkan Restaurant; 313; 1983
Dim Sim House Chinese Restaurant; 313; 1996
Devine Jno, second hand dealer; 314; 1949
Vertex Offset General Printers; 314; 1983
Vertex Offset General Printers; 314; 1984
Golden Gate; 314; 2012
Golden Gate; 314; 2013
William Nails & Beauty Centre; 314; 2014
William Nails & Beauty Centre; 314; 2015
Christine Beauty Salon, ladies hairdresser; 315; 1949
Devine Jno, second hand dealer; 316; 1949
Nino Musto Music Shop; 316; 1983
Nino Musto Music Shop; 316; 1984
Golden Gate; 316; 2012
Golden Gate; 316; 2013
Golden Gate; 316; 2014
Golden Gate; 316; 2015
-; 317; 1915
Alfred S Locke. Eye Agt; 317; 1920
Kakulas Bros., grocer; 317; 1949
H & R Block; 317; 1983
Sri Melaka Restaurant & Confectionary; 317; 1996
Harry Hatton. Fruitere & Confectioner; 318; 1908
Hatton Harry, fruitr. & confer; 318; 1909
Miss E Toms. Fruiterer  & Confectioner; 318; 1910
Thomas Machinsky, Grocer and Fruiterer; 318; 1911
Thomas Machinsky, Grocer and Fruiterer; 318; 1912
Thomas Machinsky, Grocer and Fruiterer; 318; 1913
Joseph Zeitlin. Confectioner & Greengrocer; 318; 1915
W Schapira, Watchmaker; Mrs H Hayman, Fruiterer; 318; 1920
Metro Employment Exchange registry office ; 318; 1949
Nino Musto Music Shop; 318; 1983
Nino Musto Music Shop; 318; 1984
SunBBQ Restaurant; 318; 2014
Sun Cafe/SunBBQ (upstairs), Cafe/Restaurant; 318; 2015
-; 319; 1915
Arthur Barnard, Fruiterer & Confectioner; 319; 1920
Barnard Arthur, Fruitier and Confectioner; 319; 1949
Satay House; 319; 1996
Emma's Seafoods Yong Tofu; 319; 2013
Emma's Seafoods Yong Tofu; 319; 2014
Emma's Seafoods Yong Tofu; 319; 2015
W. J Hunter & Co. Storekeepers; 320; 1908
Macey Arthur C. grocer; 320; 1909
Thomas Machinsky, Grocer and Fruiterer; 320; 1911
Thomas Machinsky, Grocer and Fruiterer; 320; 1912
Thomas Machinsky, Grocer and Fruiterer; 320; 1913
Dewar & Walsh Grocers; Frederick E (D & W ) Walsh; 320; 1915
Dewar & Walsh Grocers; Fred T Walsh (D & W); 320; 1920
McLennan Ken, grocer; 320; 1949
San Marco Pizza Restaurant; 320; 1983
Lori's Place; 320; 1984
SunBBQ Restaurant; 320; 2014
SunBBQ Restaurant; 320; 2015
Alex Trouchet. Chemist; 321; 1920
MacDonnell J, Chemist; 321; 1949
Bizarre Antiques; 321; 1984
Emma's Seafoods Yong Tofu; 321; 2013
Emma's Seafoods Yong Tofu; 321; 2014
Emma's Seafoods Yong Tofu; 321; 2015
Gordon Thos. Cycle works; 322; 1909
Arthur Grey; 322; 1910
Adriatic Drapery ; 322; 1949
F Barker Fruiterer & Confectioner; 322; 1908
Thos. Gordon. Cycle Works; 322; 1910
Thomas Gordon, Cycle Works; 322; 1911
Thomas Gordon, Cycle Works; 322; 1912
Thomas Gordon, Cycle Works; 322; 1913
Thos. Gordon. Cycle Works; 322; 1915
Wm Davis, Plumber; 322; 1920
Taimac Video Corporation; 323; 1984
F Barker Fruiterer & Confectioner; 324; 1908
Gordon Thos. Cycle works; 324; 1909
Thos. Gordon. Cycle Works; 324; 1910
Thomas Gordon, Cycle Works; 324; 1911
Thomas Gordon, Cycle Works; 324; 1912
Thomas Gordon, Cycle Works; 324; 1913
Thos. Gordon. Cycle Works; 324; 1915
Wm Davis, Plumber; 324; 1920
Taimac Video Corporation; 325; 1984
Hay Lee. Laundry; 326; 1908
Lee Hay, laundry; 326; 1909
Hay Lee. Laundry; 326; 1910
Hay Lee. Laundry; 326; 1911
Hay Lee, Laundry; 326; 1913
Mrs M E Kelly Fancy Goods; 326; 1920
Taimac Video Corporation; 327; 1984
Mrs Elsie Keshan; 330; 1908
William Williams; 330; 1911
William Williams; 330; 1912
Mrs E. Davies, Boarding House; 330; 1913
Reg Reynolds; 330; 1915
Jas Flood; 330; 1920
Chas Sullivan; 334; 1908
Mrs Esma Irving; 334; 1912
Mrs M. Ivory; 334; 1913
Joseph Rosenfeldt; 334; 1915
Joseph Rosenfeldt; 334; 1920
Blue Room Cabaret & Milk Bar; 335; 1940
Blue Room Cabaret and Milk Bar; 335; 1949
Harry Boice. Butcher; 338; 1908
Boice Harry, butcher; 338; 1909
Harry Boice. Butcher; 338; 1910
Harry Boice, Butcher; 338; 1911
Harry Boice, Butcher; 338; 1912
Harry Boice, Butcher; 338; 1913
Harry Brandreth; Mrs E. M. Brandreth, Fish Shop; 338; 1915
Mrs May Hellen, Ham and Beef; 338; 1920
Evans F E, watchmaker; Bastian Mrs L, laundry; 338; 1949
Currie Bros. Dairymen; 339; 1908
Raymond Woodcock. Plumber; 339; 1910
William G. Weylandt, Product Merchant 
Chinese Market Gardens; 339; 1911
William G. Weylandt, Product Merchant 
Chinese Market Gardens; 339; 1912
William G Weylandt. Produce Merchant; 339; 1915
I Berinshan, Bag Merchant; 339; 1920
WA Stove Co., Stove Makers; Hassell and Co. Stove Makers; 339; 1949
399 bar; 339; 2012
Jno. H .Thorne. Blacksmith; 339 (off); 1915
Samuel Mack, Blacksmith; 339 (off); 1920
Arthur Geddes, House  & Land agent; 340; 1908
Isaac Wm. carrier; 340; 1909
Anders Tollos; 340; 1910
Harry Boice, Butcher; 340; 1911
Harry Boice, Butcher; 340; 1912
Harry Boice, Butcher; 340; 1913
J C Ibbott. Butcher; 340; 1915
Mrs E M White, Smallgoods; 340; 1920
McNicol Mrs L, second hand dealer; 340; 1949
Turnbull J J, Motor Engineer; 341; 1949
William Hodden; 342; 1908
Macpherson Mrs Emily; 342; 1909
-; 342; 1910
John Furlong; 342; 1911
John Furlong; 342; 1912
Mrs Ellen Brandrith; 342; 1913
Mrs G Stone. Storekeeper; 342; 1915
M Segal, Grocer; 342; 1920
Bennett A S, wicker worker; 342; 1949
Turnbull J J, Motor Engineer; 343; 1949
Henry Doyle; 344; 1908
Ewart Tasman, Chandler C.A. builder & contr; 344; 1909
-; 344; 1910
Mrs F. Dunn; 344; 1912
Mrs F. Dunn; 344; 1913
Jno J McGavin, tinsmith; 344; 1920
Turnbull J J, Motor Engineer; 345; 1949
-; 346; 1908
Charles A Chandler. Builder; 346; 1910
Charles A. Chandler, Builder
Henry P. McDonough, Coach Trimmer; 346; 1911
Max Spokone, Boxmaker
Henry P. McDonough, Coach Trimmer; 346; 1912
Henry P. McDonough, Coach Trimmer; 346; 1913
Robert Donald. ; 346; 1915
Hankin and Thompson, Signwriters; 346; 1920
Perth General Dealers, Morris Samelowitz; 346; 1933
Perth General Dealers, Morris Samelowitz; 346; 1934
Perth General Dealers, Morris Samelowitz; 346; 1935
Perth General Dealers, Morris Samelowitz; 346; 1936
Perth General Dealers, Morris Samelowitz; 346; 1937
Perth General Dealers, Morris Samelowitz; 346; 1938
Perth General Dealers, Morris Samelowitz; 346; 1939
Perth General Dealers, Morris Samelowitz; 346; 1940
Perth General Dealers, Morris Samelowitz; 346; 1941
Perth General Dealers, Morris Samelowitz; 346; 1942
Perth General Dealers, Morris Samelowitz; 346; 1943
Perth General Dealers, Morris Samelowitz; 346; 1944
Perth General Dealers, Morris Samelowitz; 346; 1945
Perth General Dealers, Morris Samelowitz; 346; 1946
Perth General Dealers, Morris Samelowitz; 346; 1947
Perth General Dealers, Morris Samelowitz; 346; 1948
Perth General Dealers, Morris Samelowitz; 346; 1949
Perth General Dealers, Morris Samelowitz; 346; 1950
Perth General Dealers, Morris Samelowitz; 346; 1951
Perth General Dealers, Morris Samelowitz; 346; 1952
Perth General Dealers, Morris Samelowitz; 346; 1953
Perth General Dealers, Morris Samelowitz; 346; 1954
Perth General Dealers, Morris Samelowitz; 346; 1955
Perth General Dealers, Morris Samelowitz; 346; 1956
Perth General Dealers; 346; 1957
Perth General Dealers; 346; 1958
Perth General Dealers; 346; 1959
Perth General Dealers; 346; 1960
Perth General Dealers; 346; 1961
Perth General Dealers; 346; 1962
Perth General Dealers; 346; 1963
Perth General Dealers; 346; 1964
Perth General Dealers; 346; 1965
Perth General Dealers; 346; 1966
Perth General Dealers; 346; 1967
Perth General Dealers; 346; 1968
Perth General Dealers; 346; 1969
Perth General Dealers, Dora & Ephraim Topelberg; 346; 1970
Perth General Dealers (yard), Morris Samelowitz; 346; 1971
Perth General Dealers (yard), Morris Samelowitz; 346; 1972
Turnbull J J, Motor Engineer; 347; 1949
-; 348; 1908
Jno Thorne. Blacksmith; 348; 1910
John Thorne, Blacksmith; 348; 1911
John Thorne, Blacksmith; 348; 1912
Perth General Dealers (yard), Morris Samelowitz; 348; 1933
Perth General Dealers (yard), Morris Samelowitz; 348; 1934
Perth General Dealers (yard), Morris Samelowitz; 348; 1935
Perth General Dealers (yard), Morris Samelowitz; 348; 1936
Perth General Dealers (yard), Morris Samelowitz; 348; 1937
Perth General Dealers (yard), Morris Samelowitz; 348; 1938
Perth General Dealers (yard), Morris Samelowitz; 348; 1939
Perth General Dealers (yard), Morris Samelowitz; 348; 1940
Perth General Dealers (yard), Morris Samelowitz; 348; 1941
Perth General Dealers (yard), Morris Samelowitz; 348; 1942
Perth General Dealers (yard), Morris Samelowitz; 348; 1943
Perth General Dealers (yard), Morris Samelowitz; 348; 1944
Perth General Dealers (yard), Morris Samelowitz; 348; 1945
Perth General Dealers (yard), Morris Samelowitz; 348; 1946
Perth General Dealers (yard), Morris Samelowitz; 348; 1947
Perth General Dealers (yard), Morris Samelowitz; 348; 1948
Perth General Dealers (yard), Morris Samelowitz; Topelberg E second hand dealers; 348; 1949
Perth General Dealers (yard), Morris Samelowitz; 348; 1950
Perth General Dealers (yard), Morris Samelowitz; 348; 1951
Perth General Dealers (yard), Morris Samelowitz; 348; 1952
Perth General Dealers (yard), Morris Samelowitz; 348; 1953
Perth General Dealers (yard), Morris Samelowitz; 348; 1954
Perth General Dealers (yard), Morris Samelowitz; 348; 1955
Perth General Dealers (yard), Morris Samelowitz; 348; 1956
Perth General Dealers (yard), Morris Samelowitz; 348; 1957
Perth General Dealers (yard), Morris Samelowitz; 348; 1958
Perth General Dealers (yard), Morris Samelowitz; 348; 1959
Perth General Dealers (yard), Morris Samelowitz; 348; 1960
Perth General Dealers (yard), Morris Samelowitz; 348; 1961
Perth General Dealers (yard), Morris Samelowitz; 348; 1962
Perth General Dealers (yard), Morris Samelowitz; 348; 1963
Perth General Dealers (yard), Morris Samelowitz; 348; 1964
Perth General Dealers (yard), Morris Samelowitz; 348; 1965
Perth General Dealers (yard), Morris Samelowitz; 348; 1966
Perth General Dealers (yard), Morris Samelowitz; 348; 1967
Perth General Dealers (yard), Morris Samelowitz; 348; 1968
Perth General Dealers (yard), Morris Samelowitz; 348; 1969
Perth General Dealers (yard), Morris Samelowitz; 348; 1970
Perth General Dealers (yard), Morris Samelowitz; 348; 1971
Perth General Dealers (yard), Morris Samelowitz; 348; 1972
Kelly & Lewis (WA) Pty Ltd Motor Engineers; 349; 1949
Jas Feakes, Butcher; 350; 1908
Feakes Jas. butcher; 350; 1909
Jas Feakes, Butcher; 350; 1910
Jas Feakes, Butcher; 350; 1911
Jas Feakes, Butcher; 350; 1912
Jas Feakes, Butcher; 350; 1913
Jas Feakes, Butcher; 350; 1915
Jas Feakes, Butcher; 350; 1920
Ephraim Topelberg owned this; 350; 1951
Jas Feakes, Butcher; 352; 1908
Feakes Jas. butcher; 352; 1909
Jas Feakes, Butcher; 352; 1910
Jas Feakes, Butcher; 352; 1911
Jas Feakes, Butcher; 352; 1912
Jas Feakes, Butcher; 352; 1913
Jas Feakes, Butcher; 352; 1915
Jas Feakes, Butcher; 352; 1920
Morris Samelowitz; 352; 1946
Morris Samelowitz; 352; 1947
Ephraim Topelberg, 2nd Hand Furniture Dealer; 352; 1948
Dow Pty Ltd Electrical engineers; 352; 1949
Ephraim Topelberg, 2nd Hand Furniture Dealer; 352; 1950
Ephraim Topelberg, 2nd Hand Furniture Dealer; 352; 1951
Ephraim Topelberg, 2nd Hand Furniture Dealer; 352; 1952
Ephraim Topelberg, 2nd Hand Furniture Dealer; 352; 1953
Ephraim Topelberg, 2nd Hand Furniture Dealer; 352; 1954
Ephraim Topelberg, 2nd Hand Furniture Dealer; 352; 1955
Ephraim Topelberg, 2nd Hand Furniture Dealer; 352; 1956
Ephraim Topelberg, 2nd Hand Furniture Dealer; 352; 1957
Ephraim Topelberg, 2nd Hand Furniture Dealer; 352; 1958
Ephraim Topelberg, 2nd Hand Furniture Dealer; 352; 1959
Ephraim Topelberg, 2nd Hand Furniture Dealer; 352; 1960
Ephraim Topelberg, 2nd Hand Furniture Dealer; 352; 1961
Ephraim Topelberg, 2nd Hand Furniture Dealer; 352; 1962
Ephraim Topelberg, 2nd Hand Furniture Dealer; 352; 1963
Ephraim Topelberg, 2nd Hand Furniture Dealer; 352; 1964
Ephraim Topelberg, 2nd Hand Furniture Dealer; 352; 1965
Ephraim Topelberg, 2nd Hand Furniture Dealer; 352; 1966
Ephraim Topelberg, 2nd Hand Furniture Dealer; 352; 1967
Ephraim Topelberg, 2nd Hand Furniture Dealer; 352; 1968
Ephraim Topelberg, 2nd Hand Furniture Dealer; 352; 1969
Stephen Son. Fruiterer & Greengrocer; 354; 1908
Mrs E. Anderton, Confectioner; 354; 1913
Miss M Gheelan. Confectioner; 354; 1915
Mrs R Thomas, Fruiterer & Confectioner; David W Thomas; 354; 1920
Mrs H. Gibbon, Grocer; 356; 1913
Mrs H Gibbon. Grocer; 356; 1915
Misses C & S O'Neill, Fancy Goods; 356; 1920
McDonald A H, store room; 356; 1949
Taimac Video Corporation; 357; 1989
Mrs H Gibbon. Grocer; 358; 1908
Mrs H Gibbon. Grocer; 358; 1909
Mrs H Gibbon. Grocer; 358; 1910
Mrs H Gibbon. Grocer; 358; 1911
Mrs H. Gibbon, Grocer; 358; 1913
Mrs H Gibbon. Grocer; 358; 1915
Mrs H Gibbon. Grocer; 358; 1920
Bishop A E, hairdresser and tob; 358; 1949
Taimac Video Corporation; 359; 1989
Taimac Video Corporation; 361; 1989
P Trompp; 362; 1908
P Trompp; 362; 1909
Mrs Elizabeth Grant; 362; 1910
Hamilton T. Stokesberry; 362; 1911
Mrs A. Beckett, Boarding House
Hamilton T. Stokesberry; 362; 1913
Walter J Bevan, Boarding House; 362; 1915
Frederick R Flowler; 362; 1920
Taimac Video Corporation; 363; 1989
Jas George. Prod. Mcht; 364; 1908
Jas George. Prod. Mcht; 364; 1909
Jas George. Prod. Mcht; 364; 1910
Jas George, Product Merchant; 364; 1911
James George, Product Merchant; 364; 1913
Jas George. Prod. Mcht; 364; 1915
Jas J P George. Prod. Mcht; 364; 1920
Style Clothing Co. Clothing mfr; 364; 1949
Taimac Video Corporation; 365; 1989
Harry Keen; A. E. White; 366; 1908
Coomer Mason; 366; 1909
Coomer Mason; 366; 1910
George William; 366; 1911
William George; 366; 1913
William H George; 366; 1915
William H George; 366; 1920
Chinese Market Gardens; ? (odd); 1908
Chinese Market Gardens; ? (odd); 1910
-; ? (odd); 1915
Taimac Video Corporation; ? (odd); 1989
Hugh Nolan; Birt Walter, Carrier; 367; 1908
Jno P Martin; 367; 1910
Jno P Martin; 367; 1911
James Carney; 367; 1912
Mrs M Simpson. Lodging house; 367; 1915
Thomas Smales; 367; 1920
H. J Mendelson & Co Giftware; 367; 1989
The Salvation Army State Headquarters Fortress Corps; 369; 1996
The Salvation Army State Headquarters Fortress Corps; 369; 1997
The Salvation Army State Headquarters Fortress Corps; 369; 1998
The Salvation Army State Headquarters Fortress Corps; 369; 1999
The Salvation Army State Headquarters Fortress Corps; 369; 2000
The Salvation Army State Headquarters Fortress Corps; 369; 2001
The Salvation Army State Headquarters Fortress Corps; 369; 2002
The Salvation Army State Headquarters Fortress Corps; 369; 2003
The Salvation Army State Headquarters Fortress Corps; 369; 2004
The Salvation Army State Headquarters Fortress Corps; 369; 2005
The Salvation Army State Headquarters Fortress Corps; 369; 2006
The Salvation Army State Headquarters Fortress Corps; 369; 2007
The Salvation Army State Headquarters Fortress Corps; 369; 2008
The Salvation Army State Headquarters Fortress Corps; 369; 2009
The Salvation Army State Headquarters Fortress Corps; 369; 2010
The Salvation Army State Headquarters Fortress Corps; 369; 2011
The Salvation Army State Headquarters Fortress Corps; 369; 2012
The Salvation Army State Headquarters Fortress Corps; 369; 2013
The Salvation Army State Headquarters Fortress Corps; 369; 2014
The Salvation Army State Headquarters Fortress Corps; 369; 2015
Jno Cartwright; 370; 1908
Joseph D. Shingles
Charles A. Green; 370; 1913
Mrs A Ward; 370; 1915
Mrs A Ward; 370; 1920
Max Silkin; 371; 1908
Jno Braschey; 371; 1910
Rubin Monochin, Dealer; 371; 1911
John Rogers; 371; 1912
Jno. A Gardner. Music Teacher; 371; 1915
William Francis; 371; 1920
C. E. Green; 372; 1908
C. E. Green; 372; 1909
C. E. Green; 372; 1910
Mrs Findlestein; 372; 1911
William Steadman; 372; 1913
Mrs A. E Welch. Lodging House; 372; 1915
Mrs J Griffiths; 372; 1920
Jno. LEnchan; 374; 1908
Yates Herbt. E; 374; 1909
Jas Wilson; 374; 1910
Mrs Emma Hartnett; 374; 1911
George W. Lander; 374; 1913
George W Lander. Lodging House; 374; 1915
Harry Smith; 374; 1920
-; 375; 1915
Mrs A M Cocking; 375; 1920
William Street Shopping Centre; 375; 1985
Jas Inglis; 377; 1908
Jas Greenhalgh; 377; 1910
James Greenhalgh; 377; 1911
James Greenhalgh; 377; 1912
Mrs B Truscott; 377; 1920
William Street Shopping Centre; 377; 1985
Mrs May Raitt; 378; 1908
Kruger Mrs Rose; 378; 1909
Jas Hume; 378; 1910
John Bozic; 378; 1911
Henry J. Sugden; 378; 1913
William Beckett; 378; 1915
Mrs N O'Leary. Lodging House; 378; 1920
-; 379; 1908
William Street Shopping Centre; 379; 1985
Waltern Buchanan; 380; 1908
Kell Mrs Emily; 380; 1909
Mrs Rose James; 380; 1911
Joshua Abrahams, Abadco & A; 380; 1913
James Stevenson; 380; 1915
Patrick Ryan; 380; 1920
B Roffman; 381; 1908
Banfield __; 381; 1910
Charles Banfield; 381; 1911
Charles Banfield; 381; 1912
Perth Case Fety. (W H Wilcocks, Proprietor); 381; 1915
Jno. S Pryor, Hairdresser & Tobacconist; 381; 1920
Spanney Miss C, Second Hand Dealer; 381; 1949
William Street Shopping Centre; 381; 1985
Walter H Wilcocks, Hairdresser; 381a; 1915
William R Mackay, Engineer; 381a; 1920
William Street Shopping Centre; 381a; 1985
-; 382; 1908
Albert Rice; 382; 1909
-; 382; 1910
Mrs Agnes Maloney; 382; 1911
Mrs L. Gibson, Boarding House; 382; 1913
Mrs E Gibson. Loarding House; 382; 1915
Mrs Clara Johnson. Lodging House; 382; 1920
George Standley. Bookseller; 383; 1908
George Standley. Bookseller; 383; 1910
Harry Cass, Underclothing Manufacturer; 383; 1911
Hy. J. Cornock, Greengrocer ; 383; 1912
William R Mackay. Engr; 383; 1915
Fredrick Kendall, Smallgoods; 383; 1920
Cassidy Mrs Alice, Mixed Business; 383; 1949
William Street Shopping Centre; 383; 1985
-; 384; 1910
-; 384; 1915
George Way. Herbalist; 384; 1920
Mrs E Franks, Dressmaker; 385; 1911
Mrs E Franks, Dressmaker; 385; 1912
Mrs E Franks. Dressmaker; 385; 1915
Mrs E Moran. Dressmaker; 385; 1920
Berryman Mrs Annie, Clothes repairer; 385; 1949
William Street Shopping Centre; 385; 1985
William H Piper, Carpenter; 386; 1908
Piper Wm. H carpenter; 386; 1909
Arthur F Vanheurch; 386; 1910
Mrs William Linney; 386; 1911
Mrs William Linney; 386; 1913
Mrs M A Linney; 386; 1915
Russell & Woodcock, Plumbers; 387; 1908
Edmond R Miller. Tailor; 387; 1910
William Hogan; 387; 1911
Mrs J. Fulcher, Dairy Producer; 387; 1912
Mrs J Fulcher. Dairy Products; 387; 1915
Mrs M C Lee. Whte Wk; Daniel Hardy; 387; 1920
Frankina Mrs O, Dressmaker; 387; 1949
William Street Shopping Centre; 387; 1985
Sun Hun, Fruiterer & Greengrocer; 388; 1908
Hun Sun, fruitr. & greengrocer; 388; 1909
Sun Hun, Greengrocer; 388; 1910
Sun Hun, Greengrocer; 388; 1911
Sun Hun, Greengrocer; 388; 1913
J. C. Loong. Laundry; 388; 1915
J. C. Loong. Laundry; 388; 1920
Hamilton G C, mix business; 388; 1949
Mrs J Fulcher. Confectioner; 389; 1908
Mrs J Fulcher. Confectioner; 389; 1910
Mrs J Fulcher, Confectioner; 389; 1911
Mrs J Fulcher, Confectioner; 389; 1912
Mrs A Turrell. Confectioner; 389; 1915
Mrs A Turrell. Confectioner; 389; 1920
Hamilton G C, mix business; Roberts Alex Bookseller and Library; 389; 1949
William Street Shopping Centre; 389; 1985
-; PILLAR BOX; 1908
-; PILLAR BOX; 1910
PILLAR BOX; PILLAR BOX; 1915
J. C. Loong. Laundry; 390; 1908
Hun Sun, fruitr. & greengrocer; 390; 1909
J. C. Loong. Laundry; 390; 1910
J.C. Loong, Laundry
Sun Hun, Greengrocer; 390; 1911
J.C. Loong, Laundry
Sun Hun, Greengrocer; 390; 1913
Sun Hun, Greengrocer; 390; 1915
Sun Hun, Greengrocer; 390; 1920
Hamilton G C, mix business; 390; 1949
Alfred Meek, Bootmaker; 391; 1908
Mrs J Biglin. Laundry; 391; 1910
Mrs J Biglin. Laundry; 391; 1911
S. Flygare, Laundry; 391; 1912
Siri Flygare. Laundry; 391; 1915
Mrs M Toogood. Laundry; 391; 1920
William Street Shopping Centre; 391; 1985
Henry Jones; 392; 1908
Ah Quand; 392; 1909
Quand Ah; 392; 1910
Long Sit; 392; 1911
Long Sit/ Sit Long; 392; 1913
Set Long.; 392; 1915
Mrs M Thomson; 392; 1920
Richard Barnes. Hairdresser; 393; 1908
Richard Barnes. Hairdresser; 393; 1910
Walter H. Willcocks, Hairdresser; 393; 1911
Walter H. Willcocks, Hairdresser; 393; 1912
Ambrose H Major. Butcher; 393; 1915
Ambrose H Major. Butcher; 393; 1920
Scown H J, Butcher; 393; 1949
William Street Shopping Centre; 393; 1985
Ernest T Sara; 394; 1908
Dagnia Thos. C. grocer; 394; 1909
Thos. C Dagnia. Grocer; 394; 1910
Ernest T Sara, Grocer; 394; 1911
Sara & Co. E. T. Grocers, Sara Ernst T. (S & Co.); 394; 1913
Percy, Sara & Co, Grocers; 394; 1915
Skipper Bros Grocers.; 394; 1920
Bucci M & J, Mix business; 394; 1949
-; 395; 1908
-; 395; 1910
Gilbert G. Randall; 395; 1911
William I. Key; 395; 1912
Thomas H Williams; 395; 1915
Thomas H Williams; 395; 1920
Ernest T Sara, Grocer; 396; 1908
Thos. C Dagnia. Grocer; 396; 1910
Ernest T Sara, Grocer; 396; 1911
Percy, Sara & Co, Grocers; 396; 1915
Skipper Bros Grocers.; 396; 1920
Bucci M & J, Mix business; 396; 1949
Thomas A Kerr; 397; 1910
Mrs A. M. Griffiths; 397; 1911
John Ryan; 397; 1912
Mrs E Gibson; 397; 1915
Mrs E Gibson; 397; 1920
Mrs A Van Huerch, nurse; 399; 1908
Herbert Harman; 399; 1911
Bertram Williams; 399; 1912
Mrs C Pollett; 399; 1915
Jno Polley; 399; 1920
Mis Una Jones. Refreshment Rooms; 402; 1908
Mis Una Jones. Refreshment Rooms; 402; 1909
Mrs A Northoy. Confectioner; 402; 1910
Mrs S Musakhan, Confectioner; 402; 1911
Mrs S Musakhan, Confectioner; 402; 1913
Mrs S Musakhan, Confectioner; 402; 1915
Mrs A J Dornan. News Agent; 402; 1920
R Denney, Herbalist; 403; 1908
Mrs E Williams. Nurse; 403; 1910
Mrs E. Williams, Nurse; 403; 1911
Mrs E. Williams, Nurse; 403; 1912
Mrs A G Williamson; 403; 1915
Mrs H Wood; 403; 1920
Carruthers Geo. fancy rep; 404; 1909
Bruno E. Menzel, Nurseryman & Florist; 404; 1913
Solomon Waten, Draper; 404; 1915
Mrs E Willson. Draper; 404; 1920
Mrs Louisa Thorburn; 405; 1908
Patrick Hynes. Bootmaker; 405; 1910
Mrs Louisa Thorburn; 405; 1911
Mrs Louisa Thorburn; 405; 1912
Denis Ryan; 405; 1915
Walter Gaunt; 405; 1920
Mrs E Gordon. Dressmaker; 406; 1908
Lipman Bloom, Fruiterer; 406; 1913
Isia Krasnostein. Grocer & Greengrocer; 406; 1915
Mrs M Cooke. Fish Shop; 406; 1920
David Wimbridge; 407; 1908
Mrs Emma Brackenreg; 407; 1911
Agnes Doran, Nurse; 407; 1912
Mrs B M Vowles; 407; 1915
Mrs B M Vowles; 407; 1920
Thomas Fulker; 410; 1908
Mrs Potter; 410; 1909
Mrs Mary White; 410; 1910
Maurice Bernard; 410; 1911
Alfred S. Locke; 410; 1912
Arthur Wray; 410; 1913
Arthur Wray; 410; 1915
Mrs Eva Wray; 410; 1920
-; 411; 1908
-; 411; 1910
Mrs Mary McCormick; 411; 1911
Railton Street. Bootmaker; 411; 1915
James Coats; 411; 1920
Somas M, Mix Business; 411; 1949
Allen Dick. Fruiterer; 413; 1908
Francis Cunningham, Fruiterer; 413; 1911
Mrs S. Rowe, Fruiterer; 413; 1912
Miss M Maclean, Confectioner; 413; 1915
Mrs N Smythe, Small Goods; 413; 1920
Somas M, Mix Business; 413; 1949
Chas. H Dorney; 414; 1908
Dorney C; 414; 1909
Chas. H Dorney; 414; 1910
Chas. H Dorney; 414; 1911
Charles H. Dorney; 414; 1913
Chas. H Dorney; 414; 1915
David Calvin; 414; 1920
Bernhardt Santinover. Picture Frame Maker; 415; 1908
Bernhardt Santinover. Picture Frame Maker; 415; 1910
Bernhardt Santinover, Picture Frame Maker; 415; 1911
Bernhardt Santinover, Picture Frame Maker; 415; 1912
Bernhardt Santinover. Picture Frame Maker; 415; 1915
Bernhardt Santinover. Picture Frame Maker; 415; 1920
Smith R E, French Polisher; 415; 1949
Lido; 416; 2015
E. T. Wade; 418; 1908
Thompson A  K; 418; 1909
Edward Potter; 418; 1910
Sydney Simmons; 418; 1911
Sydney Simmons, Horse Dealer; 418; 1913
Mrs R Hoffman; 418; 1915
Michael Pascoe; 418; 1920
Mrs Eliza Taylor; 419; 1908
Isaac Gunzburg; 419; 1910
Isaac Gunzburg (G. Bros); 419; 1911
Isaac Gunzburg (G. Bros); 419; 1912
Mrs H White; 419; 1915
Matthew Knight; 419; 1920
Mrs H Hill; 420; 1908
Hill Mrs H; 420; 1909
Mrs E Lambert; 420; 1910
Mrs S. Reynolds; 420; 1913
Sydney Simmons. Horse Dealer; 420; 1915
Mrs Charlotte Simmons; 420; 1920
-; 420a; 1908
Ernest Stranch; 420a; 1910
Mrs. Annie Grossman; 420a; 1911
-; 421; 1908
Cecil D Baker; 421; 1910
Cecil D. Baker; 421; 1911
Cecil D. Baker, Painter; 421; 1912
Cecil D Baker, Painter; 421; 1915
Hy Walton; 421; 1920
Henry B. Abbott. Contractor; 423; 1908
Henry B. Abbott. Contractor; 423; 1910
Henry B. Abbott, Contractor; 423; 1911
Henry B. Abbott, Contractor; 423; 1912
Owen Olliff; 423; 1913
Henry B. Abbott. Contractor; 423; 1915
Alfred E French; 424; 1908
French Alfd. E; 424; 1909
Joseph Barclay; 424; 1910
Joseph Barclay; 424; 1911
Sydney J Armstrong; 424; 1915
Mrs E Holliday; 424; 1920
Solomon Miller. Grocer; 425; 1910
Solomon Miller, Grocer; 425; 1911
Solomon Miller, Grocer; 425; 1912
Miss B Barry. Storekeeper; 425; 1915
Edwin Sara, Grocer; 425; 1920
Belestis Lou, Grocer; 425; 1949
Kong's Oriental Supermarket; 425; 1988
Kong's Oriental Supermarket; 425; 1989
William Sherrard; 426; 1908
Betts Robt; 426; 1909
Edward George; 426; 1910
William Buxton; 426; 1911
Morris Hoffmann; 426; 1913
Morris Hoffmann; 426; 1915
Joseph Herman; 426; 1920
Mohammedan Mosque; 427-429; 1908
Mohammedan Mosque; 427-429; 1909
Mohammedan Mosque (Ayar Mohamed); 427-429; 1910
Mohammedan Mosque; 427-429; 1911
Mohammedan Mosque (Ayar Mahomed); 427-429; 1912
Mohammedan Mosque (Ayar Mohamed); 427-429; 1915
Mohammedan Mosque (Ayar Mohamed); 427-429; 1920
Perth Mosque; 427-429; 2015
Maurice Ferstat. Store; 428; 1908
Ferstat M. storekeper; 428; 1909
Maurice Ferstat. Store; 428; 1910
Maurice Ferstat. Store; 428; 1911
A. C. James, Wine Shop; 428; 1913
J. H Davies, Wine Shop; 428; 1915
L Lawson, Wine Saloon; 428; 1920
Aftons Soft Furnishings, Furnishings drapery retailers; 428; 1949
Jos. Abramovich. Fancy Rep; 430; 1908
Jos. Abramovich. Fancy Rep; 430; 1909
Jos. Abramovich. Fancy Rep; 430; 1910
Jos. Abramovich. Fancy Rep; 430; 1911
M. Rosenblum, Fruiterer; 430; 1913
M Rosenblum. Fruiterer & Grocer; 430; 1915
C H Fielder. Grocer; 430; 1920
City Towel Supply Co., laundry; 430; 1949
U Ostrovski. Bootmaker; 432; 1908
Jno McGavin. Tinsmith; 432; 1909
Jno McGavin. Tinsmith; 432; 1910
Jno McGavin. Tinsmith; 432; 1911
Mandel Brown, Bootmaker; 432; 1913
Mandel Brown. Bootmaker; 432; 1915
Mandel Brown. Bootmaker; 432; 1920
Mrs Annie Lambert; 433; 1908
Mrs C J Stodart; 433; 1910
Mrs C. J. Stodart; 433; 1911
Mrs C. J. Stodart; 433; 1912
Mrs C J Stodart; 433; 1915
Mrs C J Stodart; 433; 1920
Dunn Bros. Horsedealers; 434; 1911
Dunn Bros. Horsedealers; 434; 1913
Dunn Bros. Horse Dealers ; 434; 1915
Globe furniture Co., store room; Rear: Alpha Products, cardboard box mfr; Ava Confections, confrs mfg; 434; 1949
Dough Pizza; 434A; 2015
Mrs Amelia Franke; 437; 1908
Mrs Amelia Franke; 437; 1910
Mrs Amelia Franke; 437; 1911
Mrs Amelia Franke; 437; 1912
Edward A Sims; 437; 1915
Frederick G Nicolla; 437; 1920
Patrick Roddey; 440; 1908
Herrod Mrs Helen; 440; 1909
William Schwieger. Carrier; 440; 1910
William Schwieger. Carrier; 440; 1911
William Schwieger. Carrier; 440; 1913
Mrs A Moloney; 440; 1915
Mrs N Kennedy; 440; 1920
Ernest Evans; 441; 1908
Fred. W Dickens. Brush Manufacturer; 441; 1910
Fred. W Dickens, Brush Manufacturer; 441; 1911
Fred. W Dickens, Brush Manufacturer; 441; 1912
Jno. F Fahey. Lodging House; 441; 1915
Mrs J Sells; 441; 1920
Samuel Montgomery; 444; 1908
Samuel Montgomery; 444; 1909
Samuel Montgomery; 444; 1910
Samuel Montgomery; 444; 1911
Samuel Montgomery; 444; 1913
Samuel Montgomery; 444; 1915
Samuel Montgomery; 444; 1920
Mrs Mary Dewar; 445; 1908
Mrs Mary Dewar; 445; 1910
Mrs Mary Dewar; 445; 1911
Mrs Mary Dewar; 445; 1912
Mrs Mary Dewar; 445; 1915
Edwin S Chamberlain; 445; 1920
Miss Louisa Thomas; 447; 1908
William Casey; 447; 1910
William Casey; 447; 1911
James Rynor; 447; 1912
-; 447; 1915
Hy Bowley; 447; 1920
Fred Holmann; 449; 1908
-; 449; 1910
Mrs Mary Wood; 449; 1911
Mrs Mary Wood; 449; 1912
George F Kingman; 449; 1915
Edward Ward; 449; 1920
-; 450; 1908
-; 450; 1910
Jack Pope. Hairdresser & Tobacconist; 450; 1915
-; 450; 1920
Mrs Mary Dunstan; 451; 1908
Alex T Walker; 451; 1910
Mrs Francis Lewis; 451; 1911
Mrs Francis Lewis; 451; 1912
D Mylvanas; 451; 1915
Ernest R Curling; 451; 1920
-; 452; 1908
-; 452; 1910
Mrs J L Pitt. Draper; 452; 1915
Miss D Horn. Drapery And Hardware; 452; 1920
Wright, G C, uphlstr; 452; 1930
William Topp; 452; 2015
Miss Barbara White, Costumiere; 453; 1908
Ernest A Spencer; 453; 1910
Mrs Ettie Devine; 453; 1911
-; 453; 1915
Bert Mantova; 453; 1920
-; 454; 1908
-; 454; 1910
Champion Boot & Shoe manufacturing Co (Sam Lechovsky manager); 454; 1915
H Camruddin. Store; 454; 1920
Wright, G C, uphlstr; 454; 1930
THESE DAYS; 454; 2012
Daphne Cafe; 454; 2015
-; 455; 1908
-; 455; 1910
William Macey; 455; 1911
Mrs Dora Wilson; 455; 1912
Jno W Hughes; 455; 1915
Stanley E W Matthews; 455; 1920
-; 456; 1908
-; 456; 1910
Joshua Loong Choong, Fruiterer; 456; 1915
M Segal, Bootmaker; 456; 1920
Vacant; 456; 1930
Campbell Reg, bicycle dealer; 456; 1949
Westons Barber Shop; 456; 2015
Harry Barber; 457; 1908
Jas Curtin; 457; 1910
Mrs A Norman; 457; 1920
6/ Okay VIetnamese Restaurant; 457; 2015
-; 458; 1908
-; 458; 1910
Lance & Co, chemist, proprietor F. W. Chegwidden; 458; 1915
J C Manson. Fruiterer; 458; 1920
Riseley, Victor, G C, newsagent and State Savings Bank agency; 458; 1930
Knights Nukleen Serv, drycleaners and dryers; Westphal M A, watchmaker; 458; 1949
Scraps; 458; 2011
Beau Est Mien; 458; 2015
F. A Provost. Chemist; 459; 1908
Mrs F Taylor. Ham & Beef shop; 459; 1910
Alfred Kemp, Ham & Beef Shop; 459; 1911
Alfred Kemp, Ham & Beef Shop; 459; 1912
Alfred Kemp, Hairdresser & Tobacconist; Mrs E Kemp, Confectioner.; 459; 1915
Miss E B Anderson, Storekeeper; Savings Bank Agency, (Miss E B Anderson Agent); 459; 1920
Curran M R, Boot Repairer; 459; 1949
Dreamland Karaoke & Restaurant; 459; 1996
Dreamland Karaoke & Restaurant; 459; 1997
Dreamland Karaoke & Restaurant; 459; 1998
Dreamland Karaoke & Restaurant; 459; 1999
Dreamland Karaoke & Restaurant; 459; 2000
Dreamland Karaoke & Restaurant; 459; 2001
Dreamland Karaoke & Restaurant; 459; 2002
Dreamland Karaoke & Restaurant; 459; 2003
Dreamland Karaoke & Restaurant; 459; 2004
Dreamland Karaoke & Restaurant; 459; 2005
Dreamland Karaoke & Restaurant; 459; 2006
>>> 