Address,City ,State ,Country
167 William Street,Perth,Western Australia,Australia
168 William Street,Perth,Western Australia,Australia
169 William Street,Perth,Western Australia,Australia
170 William Street,Perth,Western Australia,Australia
171 William Street,Perth,Western Australia,Australia
172 William Street,Perth,Western Australia,Australia
173 William Street,Perth,Western Australia,Australia
174 William Street,Perth,Western Australia,Australia
175 William Street,Perth,Western Australia,Australia
176 William Street,Perth,Western Australia,Australia
177 William Street,Perth,Western Australia,Australia
178 William Street,Perth,Western Australia,Australia
179 William Street,Perth,Western Australia,Australia
180 William Street,Perth,Western Australia,Australia
181 William Street,Perth,Western Australia,Australia
182 William Street,Perth,Western Australia,Australia
183 William Street,Perth,Western Australia,Australia
184 William Street,Perth,Western Australia,Australia
185 William Street,Perth,Western Australia,Australia
186 William Street,Perth,Western Australia,Australia
187 William Street,Perth,Western Australia,Australia
188 William Street,Perth,Western Australia,Australia
189 William Street,Perth,Western Australia,Australia
190 William Street,Perth,Western Australia,Australia
191 William Street,Perth,Western Australia,Australia
192 William Street,Perth,Western Australia,Australia
193 William Street,Perth,Western Australia,Australia
194 William Street,Perth,Western Australia,Australia
195 William Street,Perth,Western Australia,Australia
196 William Street,Perth,Western Australia,Australia
197 William Street,Perth,Western Australia,Australia
198 William Street,Perth,Western Australia,Australia
199 William Street,Perth,Western Australia,Australia
200 William Street,Perth,Western Australia,Australia
201 William Street,Perth,Western Australia,Australia
202 William Street,Perth,Western Australia,Australia
203 William Street,Perth,Western Australia,Australia
204 William Street,Perth,Western Australia,Australia
205 William Street,Perth,Western Australia,Australia
206 William Street,Perth,Western Australia,Australia
207 William Street,Perth,Western Australia,Australia
208 William Street,Perth,Western Australia,Australia
209 William Street,Perth,Western Australia,Australia
210 William Street,Perth,Western Australia,Australia
211 William Street,Perth,Western Australia,Australia
212 William Street,Perth,Western Australia,Australia
213 William Street,Perth,Western Australia,Australia
214 William Street,Perth,Western Australia,Australia
215 William Street,Perth,Western Australia,Australia
216 William Street,Perth,Western Australia,Australia
217 William Street,Perth,Western Australia,Australia
218 William Street,Perth,Western Australia,Australia
219 William Street,Perth,Western Australia,Australia
220 William Street,Perth,Western Australia,Australia
221 William Street,Perth,Western Australia,Australia
222 William Street,Perth,Western Australia,Australia
223 William Street,Perth,Western Australia,Australia
224 William Street,Perth,Western Australia,Australia
225 William Street,Perth,Western Australia,Australia
226 William Street,Perth,Western Australia,Australia
227 William Street,Perth,Western Australia,Australia
228 William Street,Perth,Western Australia,Australia
229 William Street,Perth,Western Australia,Australia
230 William Street,Perth,Western Australia,Australia
231 William Street,Perth,Western Australia,Australia
232 William Street,Perth,Western Australia,Australia
233 William Street,Perth,Western Australia,Australia
234 William Street,Perth,Western Australia,Australia
235 William Street,Perth,Western Australia,Australia
236 William Street,Perth,Western Australia,Australia
237 William Street,Perth,Western Australia,Australia
238 William Street,Perth,Western Australia,Australia
239 William Street,Perth,Western Australia,Australia
240 William Street,Perth,Western Australia,Australia
241 William Street,Perth,Western Australia,Australia
242 William Street,Perth,Western Australia,Australia
243 William Street,Perth,Western Australia,Australia
244 William Street,Perth,Western Australia,Australia
245 William Street,Perth,Western Australia,Australia
246 William Street,Perth,Western Australia,Australia
247 William Street,Perth,Western Australia,Australia
248 William Street,Perth,Western Australia,Australia
249 William Street,Perth,Western Australia,Australia
250 William Street,Perth,Western Australia,Australia
251 William Street,Perth,Western Australia,Australia
252 William Street,Perth,Western Australia,Australia
253 William Street,Perth,Western Australia,Australia
254 William Street,Perth,Western Australia,Australia
255 William Street,Perth,Western Australia,Australia
256 William Street,Perth,Western Australia,Australia
257 William Street,Perth,Western Australia,Australia
258 William Street,Perth,Western Australia,Australia
259 William Street,Perth,Western Australia,Australia
260 William Street,Perth,Western Australia,Australia
261 William Street,Perth,Western Australia,Australia
262 William Street,Perth,Western Australia,Australia
263 William Street,Perth,Western Australia,Australia
264 William Street,Perth,Western Australia,Australia
265 William Street,Perth,Western Australia,Australia
266 William Street,Perth,Western Australia,Australia
267 William Street,Perth,Western Australia,Australia
268 William Street,Perth,Western Australia,Australia
269 William Street,Perth,Western Australia,Australia
270 William Street,Perth,Western Australia,Australia
271 William Street,Perth,Western Australia,Australia
272 William Street,Perth,Western Australia,Australia
273 William Street,Perth,Western Australia,Australia
273a William Street,Perth,Western Australia,Australia
274 William Street,Perth,Western Australia,Australia
275 William Street,Perth,Western Australia,Australia
276 William Street,Perth,Western Australia,Australia
277 William Street,Perth,Western Australia,Australia
278 William Street,Perth,Western Australia,Australia
279 William Street,Perth,Western Australia,Australia
280 William Street,Perth,Western Australia,Australia
281 William Street,Perth,Western Australia,Australia
282 William Street,Perth,Western Australia,Australia
283 William Street,Perth,Western Australia,Australia
284 William Street,Perth,Western Australia,Australia
285 William Street,Perth,Western Australia,Australia
286 William Street,Perth,Western Australia,Australia
287 William Street,Perth,Western Australia,Australia
288 William Street,Perth,Western Australia,Australia
289 William Street,Perth,Western Australia,Australia
290 William Street,Perth,Western Australia,Australia
291 William Street,Perth,Western Australia,Australia
292 William Street,Perth,Western Australia,Australia
293 William Street,Perth,Western Australia,Australia
294 William Street,Perth,Western Australia,Australia
295 William Street,Perth,Western Australia,Australia
296 William Street,Perth,Western Australia,Australia
297 William Street,Perth,Western Australia,Australia
298 William Street,Perth,Western Australia,Australia
299 William Street,Perth,Western Australia,Australia
300 William Street,Perth,Western Australia,Australia
301 William Street,Perth,Western Australia,Australia
302 William Street,Perth,Western Australia,Australia
303 William Street,Perth,Western Australia,Australia
304 William Street,Perth,Western Australia,Australia
305 William Street,Perth,Western Australia,Australia
306 William Street,Perth,Western Australia,Australia
307 William Street,Perth,Western Australia,Australia
308 William Street,Perth,Western Australia,Australia
309 William Street,Perth,Western Australia,Australia
310 William Street,Perth,Western Australia,Australia
311 William Street,Perth,Western Australia,Australia
312 William Street,Perth,Western Australia,Australia
313 William Street,Perth,Western Australia,Australia
314 William Street,Perth,Western Australia,Australia
315 William Street,Perth,Western Australia,Australia
316 William Street,Perth,Western Australia,Australia
317 William Street,Perth,Western Australia,Australia
318 William Street,Perth,Western Australia,Australia
319 William Street,Perth,Western Australia,Australia
320 William Street,Perth,Western Australia,Australia
321 William Street,Perth,Western Australia,Australia
322 William Street,Perth,Western Australia,Australia
322 William Street,Perth,Western Australia,Australia
323 William Street,Perth,Western Australia,Australia
324 William Street,Perth,Western Australia,Australia
325 William Street,Perth,Western Australia,Australia
326 William Street,Perth,Western Australia,Australia
327 William Street,Perth,Western Australia,Australia
328 William Street,Perth,Western Australia,Australia
329 William Street,Perth,Western Australia,Australia
330 William Street,Perth,Western Australia,Australia
331 William Street,Perth,Western Australia,Australia
332 William Street,Perth,Western Australia,Australia
333 William Street,Perth,Western Australia,Australia
334 William Street,Perth,Western Australia,Australia
335 William Street,Perth,Western Australia,Australia
336 William Street,Perth,Western Australia,Australia
337 William Street,Perth,Western Australia,Australia
338 William Street,Perth,Western Australia,Australia
339 William Street,Perth,Western Australia,Australia
340 William Street,Perth,Western Australia,Australia
341 William Street,Perth,Western Australia,Australia
342 William Street,Perth,Western Australia,Australia
343 William Street,Perth,Western Australia,Australia
344 William Street,Perth,Western Australia,Australia
345 William Street,Perth,Western Australia,Australia
346 William Street,Perth,Western Australia,Australia
347 William Street,Perth,Western Australia,Australia
348 William Street,Perth,Western Australia,Australia
349 William Street,Perth,Western Australia,Australia
350 William Street,Perth,Western Australia,Australia
351 William Street,Perth,Western Australia,Australia
352 William Street,Perth,Western Australia,Australia
353 William Street,Perth,Western Australia,Australia
354 William Street,Perth,Western Australia,Australia
355 William Street,Perth,Western Australia,Australia
356 William Street,Perth,Western Australia,Australia
357 William Street,Perth,Western Australia,Australia
358 William Street,Perth,Western Australia,Australia
359 William Street,Perth,Western Australia,Australia
360 William Street,Perth,Western Australia,Australia
361 William Street,Perth,Western Australia,Australia
362 William Street,Perth,Western Australia,Australia
363 William Street,Perth,Western Australia,Australia
364 William Street,Perth,Western Australia,Australia
365 William Street,Perth,Western Australia,Australia
366 William Street,Perth,Western Australia,Australia
367 William Street,Perth,Western Australia,Australia
368 William Street,Perth,Western Australia,Australia
369 William Street,Perth,Western Australia,Australia
370 William Street,Perth,Western Australia,Australia
371 William Street,Perth,Western Australia,Australia
372 William Street,Perth,Western Australia,Australia
373 William Street,Perth,Western Australia,Australia
374 William Street,Perth,Western Australia,Australia
375 William Street,Perth,Western Australia,Australia
376 William Street,Perth,Western Australia,Australia
377 William Street,Perth,Western Australia,Australia
378 William Street,Perth,Western Australia,Australia
379 William Street,Perth,Western Australia,Australia
380 William Street,Perth,Western Australia,Australia
381 William Street,Perth,Western Australia,Australia
382 William Street,Perth,Western Australia,Australia
383 William Street,Perth,Western Australia,Australia
384 William Street,Perth,Western Australia,Australia
385 William Street,Perth,Western Australia,Australia
386 William Street,Perth,Western Australia,Australia
387 William Street,Perth,Western Australia,Australia
388 William Street,Perth,Western Australia,Australia
389 William Street,Perth,Western Australia,Australia
390 William Street,Perth,Western Australia,Australia
391 William Street,Perth,Western Australia,Australia
392 William Street,Perth,Western Australia,Australia
393 William Street,Perth,Western Australia,Australia
394 William Street,Perth,Western Australia,Australia
395 William Street,Perth,Western Australia,Australia
396 William Street,Perth,Western Australia,Australia
397 William Street,Perth,Western Australia,Australia
398 William Street,Perth,Western Australia,Australia
399 William Street,Perth,Western Australia,Australia
400 William Street,Perth,Western Australia,Australia
401 William Street,Perth,Western Australia,Australia
402 William Street,Perth,Western Australia,Australia
403 William Street,Perth,Western Australia,Australia
404 William Street,Perth,Western Australia,Australia
405 William Street,Perth,Western Australia,Australia
406 William Street,Perth,Western Australia,Australia
407 William Street,Perth,Western Australia,Australia
408 William Street,Perth,Western Australia,Australia
409 William Street,Perth,Western Australia,Australia
410 William Street,Perth,Western Australia,Australia
411 William Street,Perth,Western Australia,Australia
412 William Street,Perth,Western Australia,Australia
413 William Street,Perth,Western Australia,Australia
414 William Street,Perth,Western Australia,Australia
415 William Street,Perth,Western Australia,Australia
416 William Street,Perth,Western Australia,Australia
417 William Street,Perth,Western Australia,Australia
418 William Street,Perth,Western Australia,Australia
419 William Street,Perth,Western Australia,Australia
420 William Street,Perth,Western Australia,Australia
421 William Street,Perth,Western Australia,Australia
422 William Street,Perth,Western Australia,Australia
423 William Street,Perth,Western Australia,Australia
424 William Street,Perth,Western Australia,Australia
425 William Street,Perth,Western Australia,Australia
426 William Street,Perth,Western Australia,Australia
427 William Street,Perth,Western Australia,Australia
428 William Street,Perth,Western Australia,Australia
429 William Street,Perth,Western Australia,Australia
430 William Street,Perth,Western Australia,Australia
431 William Street,Perth,Western Australia,Australia
432 William Street,Perth,Western Australia,Australia
433 William Street,Perth,Western Australia,Australia
434 William Street,Perth,Western Australia,Australia
435 William Street,Perth,Western Australia,Australia
436 William Street,Perth,Western Australia,Australia
437 William Street,Perth,Western Australia,Australia
438 William Street,Perth,Western Australia,Australia
439 William Street,Perth,Western Australia,Australia
440 William Street,Perth,Western Australia,Australia
441 William Street,Perth,Western Australia,Australia
442 William Street,Perth,Western Australia,Australia
443 William Street,Perth,Western Australia,Australia
444 William Street,Perth,Western Australia,Australia
445 William Street,Perth,Western Australia,Australia
446 William Street,Perth,Western Australia,Australia
447 William Street,Perth,Western Australia,Australia
448 William Street,Perth,Western Australia,Australia
449 William Street,Perth,Western Australia,Australia
450 William Street,Perth,Western Australia,Australia
451 William Street,Perth,Western Australia,Australia
452 William Street,Perth,Western Australia,Australia
453 William Street,Perth,Western Australia,Australia
454 William Street,Perth,Western Australia,Australia
455 William Street,Perth,Western Australia,Australia
456 William Street,Perth,Western Australia,Australia
457 William Street,Perth,Western Australia,Australia
458 William Street,Perth,Western Australia,Australia
459 William Street,Perth,Western Australia,Australia
